match_id,frame_idx,scale,k,h1_observed,null_presence_rate
2017461,0,individual,19,1,0.905
2017461,0,tactical,4,0,0.0
2017461,1,individual,12,0,0.475
2017461,1,tactical,2,0,0.0
2017461,2,individual,15,1,0.84
2017461,2,tactical,4,0,0.015
2017461,3,individual,22,1,0.985
2017461,3,tactical,4,0,0.02
2017461,4,individual,20,1,0.955
2017461,4,tactical,6,1,0.155
2017461,5,individual,17,1,0.89
2017461,5,tactical,4,0,0.01
2017461,6,individual,18,1,0.82
2017461,6,tactical,3,0,0.0
2017461,7,individual,21,1,0.95
2017461,7,tactical,5,0,0.01
2017461,8,individual,19,1,0.945
2017461,8,tactical,5,0,0.09
2017461,9,individual,21,1,0.965
2017461,9,tactical,6,0,0.1
2017461,10,individual,20,1,0.975
2017461,10,tactical,5,0,0.025
2017461,11,individual,20,1,0.975
2017461,11,tactical,5,0,0.105
2017461,12,individual,19,1,0.94
2017461,12,tactical,7,1,0.185
2017461,13,individual,21,1,0.99
2017461,13,tactical,7,1,0.215
2017461,14,individual,21,1,0.955
2017461,14,tactical,5,1,0.055
2017461,15,individual,16,1,0.82
2017461,15,tactical,5,0,0.02
2017461,16,individual,17,1,0.87
2017461,16,tactical,4,0,0.005
2017461,17,individual,22,1,0.96
2017461,17,tactical,4,0,0.01
2017461,18,individual,17,1,0.78
2017461,18,tactical,3,0,0.0
2017461,19,individual,20,1,0.95
2017461,19,tactical,7,0,0.165
2017461,20,individual,20,1,0.95
2017461,20,tactical,6,0,0.155
2017461,21,individual,21,1,0.97
2017461,21,tactical,5,0,0.065
2017461,22,individual,19,1,0.93
2017461,22,tactical,3,0,0.0
2017461,23,individual,21,1,0.96
2017461,23,tactical,6,0,0.2
2017461,24,individual,17,1,0.895
2017461,24,tactical,6,0,0.09
2017461,25,individual,21,1,0.985
2017461,25,tactical,7,1,0.25
2017461,26,individual,21,1,0.97
2017461,26,tactical,5,0,0.035
2017461,27,individual,17,1,0.935
2017461,27,tactical,7,1,0.21
2017461,28,individual,17,1,0.895
2017461,28,tactical,4,0,0.02
2017461,29,individual,20,1,0.875
2017461,29,tactical,5,0,0.025
2017461,30,individual,17,1,0.82
2017461,30,tactical,4,0,0.005
2017461,31,individual,18,1,0.83
2017461,31,tactical,4,0,0.005
2017461,32,individual,16,1,0.775
2017461,32,tactical,3,0,0.0
2017461,33,individual,20,1,0.945
2017461,33,tactical,3,0,0.0
2017461,34,individual,19,1,0.905
2017461,34,tactical,5,1,0.04
2017461,35,individual,19,1,0.91
2017461,35,tactical,5,0,0.04
2017461,36,individual,14,1,0.645
2017461,36,tactical,4,0,0.01
2017461,37,individual,16,1,0.745
2017461,37,tactical,3,0,0.0
2017461,38,individual,20,1,0.945
2017461,38,tactical,4,0,0.005
2017461,39,individual,18,1,0.88
2017461,39,tactical,4,0,0.005
2017461,40,individual,17,1,0.735
2017461,40,tactical,3,0,0.0
2017461,41,individual,15,1,0.67
2017461,41,tactical,3,0,0.0
2017461,42,individual,10,0,0.375
2017461,42,tactical,3,0,0.0
2017461,43,individual,18,1,0.835
2017461,43,tactical,3,0,0.0
2017461,44,individual,21,1,0.94
2017461,44,tactical,3,0,0.0
2017461,45,individual,17,1,0.865
2017461,45,tactical,4,0,0.0
2017461,46,individual,16,1,0.85
2017461,46,tactical,4,0,0.01
2017461,47,individual,15,1,0.785
2017461,47,tactical,4,0,0.01
2017461,48,individual,14,1,0.57
2017461,48,tactical,4,0,0.005
2017461,49,individual,17,1,0.9
2017461,49,tactical,5,0,0.03
2017461,50,individual,22,1,0.99
2017461,50,tactical,3,0,0.0
2017461,51,individual,21,1,0.965
2017461,51,tactical,6,1,0.105
2017461,52,individual,20,1,0.99
2017461,52,tactical,7,1,0.31
2017461,53,individual,19,1,0.95
2017461,53,tactical,5,0,0.03
2017461,54,individual,19,1,0.945
2017461,54,tactical,6,0,0.065
2017461,55,individual,19,1,0.905
2017461,55,tactical,5,1,0.07
2017461,56,individual,21,1,0.965
2017461,56,tactical,5,0,0.02
2017461,57,individual,18,1,0.88
2017461,57,tactical,4,0,0.015
2017461,58,individual,21,1,0.945
2017461,58,tactical,6,0,0.045
2017461,59,individual,21,1,0.985
2017461,59,tactical,5,0,0.05
2017461,60,individual,22,1,0.985
2017461,60,tactical,7,1,0.185
2017461,61,individual,22,1,0.985
2017461,61,tactical,7,1,0.255
2017461,62,individual,22,1,0.985
2017461,62,tactical,7,1,0.225
2017461,63,individual,21,1,0.975
2017461,63,tactical,5,0,0.05
2017461,64,individual,16,1,0.82
2017461,64,tactical,5,0,0.015
2017461,65,individual,21,1,0.96
2017461,65,tactical,4,0,0.015
2017461,66,individual,21,1,0.965
2017461,66,tactical,5,0,0.07
2017461,67,individual,18,1,0.87
2017461,67,tactical,4,0,0.0
2017461,68,individual,17,1,0.81
2017461,68,tactical,3,0,0.0
2017461,69,individual,21,1,0.97
2017461,69,tactical,4,0,0.01
2017461,70,individual,20,1,0.96
2017461,70,tactical,5,0,0.055
2017461,71,individual,17,1,0.895
2017461,71,tactical,4,0,0.005
2017461,72,individual,19,1,0.91
2017461,72,tactical,6,0,0.095
2017461,73,individual,19,1,0.96
2017461,73,tactical,7,1,0.275
2017461,74,individual,18,1,0.955
2017461,74,tactical,4,0,0.025
2017461,75,individual,21,1,0.98
2017461,75,tactical,5,0,0.04
2017461,76,individual,17,1,0.905
2017461,76,tactical,5,0,0.06
2017461,77,individual,20,1,0.965
2017461,77,tactical,6,0,0.1
2017461,78,individual,20,1,0.985
2017461,78,tactical,5,0,0.03
2017461,79,individual,19,1,0.935
2017461,79,tactical,5,0,0.035
2017461,80,individual,18,1,0.91
2017461,80,tactical,5,1,0.095
2017461,81,individual,20,1,0.965
2017461,81,tactical,5,0,0.055
2017461,82,individual,19,1,0.91
2017461,82,tactical,6,0,0.1
2017461,83,individual,13,1,0.36
2017461,83,tactical,3,0,0.0
2017461,84,individual,10,0,0.285
2017461,84,tactical,4,0,0.0
2017461,85,individual,12,1,0.595
2017461,85,tactical,4,0,0.025
2017461,86,individual,17,1,0.825
2017461,86,tactical,2,0,0.0
2017461,87,individual,20,1,0.95
2017461,87,tactical,3,0,0.0
2017461,88,individual,18,1,0.755
2017461,88,tactical,2,0,0.0
2017461,89,individual,19,1,0.89
2017461,89,tactical,2,0,0.0
2017461,90,individual,18,1,0.905
2017461,90,tactical,6,1,0.085
2017461,91,individual,21,1,0.99
2017461,91,tactical,8,1,0.37
2017461,92,individual,22,1,0.985
2017461,92,tactical,7,1,0.2
2017461,93,individual,19,1,0.865
2017461,93,tactical,3,0,0.0
2017461,94,individual,17,1,0.925
2017461,94,tactical,7,0,0.16
2017461,95,individual,20,1,0.94
2017461,95,tactical,6,1,0.095
2017461,96,individual,18,1,0.895
2017461,96,tactical,2,0,0.0
2017461,97,individual,13,1,0.64
2017461,97,tactical,2,0,0.0
2017461,98,individual,14,1,0.64
2017461,98,tactical,3,0,0.0
2017461,99,individual,20,1,0.955
2017461,99,tactical,7,1,0.23
2017461,100,individual,21,1,0.975
2017461,100,tactical,3,0,0.0
2017461,101,individual,20,1,0.96
2017461,101,tactical,4,0,0.0
2017461,102,individual,19,1,0.875
2017461,102,tactical,4,0,0.0
2017461,103,individual,18,1,0.86
2017461,103,tactical,4,0,0.0
2017461,104,individual,18,1,0.885
2017461,104,tactical,6,1,0.125
2017461,105,individual,18,1,0.86
2017461,105,tactical,6,0,0.095
2017461,106,individual,19,1,0.86
2017461,106,tactical,3,0,0.0
2017461,107,individual,20,1,0.955
2017461,107,tactical,3,0,0.0
2017461,108,individual,19,1,0.895
2017461,108,tactical,3,0,0.0
2017461,109,individual,19,1,0.945
2017461,109,tactical,4,0,0.005
2017461,110,individual,21,1,0.95
2017461,110,tactical,4,0,0.015
2017461,111,individual,21,1,0.98
2017461,111,tactical,6,0,0.125
2017461,112,individual,19,1,0.935
2017461,112,tactical,8,0,0.43
2017461,113,individual,19,1,0.935
2017461,113,tactical,4,0,0.02
2017461,114,individual,10,0,0.335
2017461,114,tactical,5,0,0.035
2017461,115,individual,13,1,0.535
2017461,115,tactical,4,0,0.0
2017461,116,individual,21,1,0.97
2017461,116,tactical,4,0,0.0
2017461,117,individual,20,1,0.955
2017461,117,tactical,5,0,0.03
2017461,118,individual,18,1,0.91
2017461,118,tactical,4,0,0.0
2017461,119,individual,21,1,0.965
2017461,119,tactical,8,0,0.28
2017461,120,individual,20,1,0.955
2017461,120,tactical,8,1,0.39
2017461,121,individual,21,1,0.97
2017461,121,tactical,4,0,0.005
2017461,122,individual,22,1,0.98
2017461,122,tactical,4,0,0.015
2017461,123,individual,19,1,0.97
2017461,123,tactical,8,1,0.28
2017461,124,individual,20,1,0.965
2017461,124,tactical,5,1,0.045
2017461,125,individual,21,1,0.985
2017461,125,tactical,4,0,0.01
2017461,126,individual,18,1,0.93
2017461,126,tactical,5,0,0.065
2017461,127,individual,18,1,0.92
2017461,127,tactical,5,0,0.035
2017461,128,individual,17,1,0.79
2017461,128,tactical,3,0,0.0
2017461,129,individual,16,1,0.775
2017461,129,tactical,4,0,0.02
2017461,130,individual,17,1,0.78
2017461,130,tactical,4,0,0.005
2017461,131,individual,16,1,0.82
2017461,131,tactical,4,0,0.005
2017461,132,individual,20,1,0.935
2017461,132,tactical,3,0,0.0
2017461,133,individual,14,1,0.7
2017461,133,tactical,3,0,0.0
2017461,134,individual,12,1,0.59
2017461,134,tactical,5,0,0.03
2017461,135,individual,21,1,0.95
2017461,135,tactical,6,0,0.09
2017461,136,individual,19,1,0.925
2017461,136,tactical,5,0,0.03
2017461,137,individual,18,0,0.91
2017461,137,tactical,4,0,0.01
2017461,138,individual,18,1,0.9
2017461,138,tactical,4,0,0.0
2017461,139,individual,17,1,0.905
2017461,139,tactical,3,0,0.0
2017461,140,individual,15,1,0.835
2017461,140,tactical,5,0,0.015
2017461,141,individual,20,1,0.97
2017461,141,tactical,6,0,0.155
2017461,142,individual,18,1,0.94
2017461,142,tactical,7,1,0.23
2017461,143,individual,21,1,0.97
2017461,143,tactical,5,0,0.06
2017461,144,individual,20,1,0.95
2017461,144,tactical,4,0,0.005
2017461,145,individual,19,1,0.885
2017461,145,tactical,6,1,0.085
2017461,146,individual,16,1,0.85
2017461,146,tactical,5,0,0.04
2017461,147,individual,20,1,0.96
2017461,147,tactical,5,0,0.045
2017461,148,individual,20,1,0.925
2017461,148,tactical,5,0,0.03
2017461,149,individual,18,1,0.95
2017461,149,tactical,6,0,0.11
2015213,0,individual,21,1,0.96
2015213,0,tactical,4,0,0.0
2015213,1,individual,22,1,0.95
2015213,1,tactical,3,0,0.0
2015213,2,individual,21,1,0.98
2015213,2,tactical,8,1,0.315
2015213,3,individual,21,1,0.97
2015213,3,tactical,4,0,0.01
2015213,4,individual,19,1,0.875
2015213,4,tactical,3,0,0.0
2015213,5,individual,22,1,0.965
2015213,5,tactical,4,0,0.01
2015213,6,individual,20,1,0.965
2015213,6,tactical,6,1,0.15
2015213,7,individual,20,1,0.945
2015213,7,tactical,3,0,0.0
2015213,8,individual,19,1,0.925
2015213,8,tactical,4,0,0.0
2015213,9,individual,19,1,0.97
2015213,9,tactical,6,0,0.13
2015213,10,individual,20,1,0.945
2015213,10,tactical,8,1,0.295
2015213,11,individual,17,1,0.9
2015213,11,tactical,5,0,0.05
2015213,12,individual,20,1,0.96
2015213,12,tactical,5,0,0.005
2015213,13,individual,21,1,0.975
2015213,13,tactical,5,0,0.015
2015213,14,individual,17,1,0.735
2015213,14,tactical,3,0,0.0
2015213,15,individual,17,1,0.85
2015213,15,tactical,3,0,0.0
2015213,16,individual,21,1,0.975
2015213,16,tactical,6,1,0.155
2015213,17,individual,22,1,0.985
2015213,17,tactical,7,1,0.245
2015213,18,individual,21,1,0.975
2015213,18,tactical,3,0,0.0
2015213,19,individual,21,1,0.97
2015213,19,tactical,6,1,0.09
2015213,20,individual,18,1,0.94
2015213,20,tactical,6,0,0.1
2015213,21,individual,20,1,0.95
2015213,21,tactical,4,0,0.015
2015213,22,individual,20,1,0.95
2015213,22,tactical,4,0,0.005
2015213,23,individual,22,1,0.975
2015213,23,tactical,4,0,0.0
2015213,24,individual,22,1,0.98
2015213,24,tactical,6,1,0.135
2015213,25,individual,20,1,0.945
2015213,25,tactical,5,0,0.02
2015213,26,individual,19,1,0.955
2015213,26,tactical,5,0,0.05
2015213,27,individual,19,1,0.925
2015213,27,tactical,5,0,0.02
2015213,28,individual,16,1,0.78
2015213,28,tactical,5,0,0.03
2015213,29,individual,21,1,0.955
2015213,29,tactical,4,0,0.01
2015213,30,individual,17,1,0.765
2015213,30,tactical,4,0,0.01
2015213,31,individual,20,1,0.97
2015213,31,tactical,5,0,0.03
2015213,32,individual,18,1,0.915
2015213,32,tactical,6,0,0.05
2015213,33,individual,16,1,0.855
2015213,33,tactical,3,0,0.0
2015213,34,individual,22,1,0.99
2015213,34,tactical,6,1,0.115
2015213,35,individual,19,1,0.94
2015213,35,tactical,6,1,0.11
2015213,36,individual,19,1,0.96
2015213,36,tactical,8,1,0.305
2015213,37,individual,20,1,0.975
2015213,37,tactical,6,1,0.17
2015213,38,individual,20,1,0.98
2015213,38,tactical,9,1,0.5
2015213,39,individual,21,1,0.965
2015213,39,tactical,7,0,0.21
2015213,40,individual,22,1,0.995
2015213,40,tactical,6,0,0.185
2015213,41,individual,19,1,0.945
2015213,41,tactical,6,0,0.09
2015213,42,individual,20,1,0.96
2015213,42,tactical,7,0,0.27
2015213,43,individual,20,1,0.975
2015213,43,tactical,8,1,0.385
2015213,44,individual,21,1,0.975
2015213,44,tactical,7,1,0.225
2015213,45,individual,20,1,0.965
2015213,45,tactical,5,0,0.02
2015213,46,individual,21,1,1.0
2015213,46,tactical,4,0,0.03
2015213,47,individual,19,1,0.93
2015213,47,tactical,5,0,0.07
2015213,48,individual,22,1,1.0
2015213,48,tactical,6,1,0.17
2015213,49,individual,19,1,0.935
2015213,49,tactical,6,0,0.09
2015213,50,individual,21,1,0.95
2015213,50,tactical,5,0,0.03
2015213,51,individual,21,1,0.96
2015213,51,tactical,8,1,0.37
2015213,52,individual,19,1,0.955
2015213,52,tactical,5,0,0.03
2015213,53,individual,21,1,0.97
2015213,53,tactical,8,1,0.295
2015213,54,individual,20,1,0.95
2015213,54,tactical,4,0,0.0
2015213,55,individual,19,1,0.895
2015213,55,tactical,5,0,0.035
2015213,56,individual,21,1,0.975
2015213,56,tactical,5,0,0.085
2015213,57,individual,19,1,0.98
2015213,57,tactical,6,0,0.11
2015213,58,individual,20,1,0.955
2015213,58,tactical,7,1,0.205
2015213,59,individual,20,1,0.98
2015213,59,tactical,8,1,0.375
2015213,60,individual,20,1,0.945
2015213,60,tactical,4,0,0.025
2015213,61,individual,21,1,0.94
2015213,61,tactical,4,0,0.01
2015213,62,individual,18,1,0.905
2015213,62,tactical,4,0,0.0
2015213,63,individual,19,1,0.96
2015213,63,tactical,5,0,0.01
2015213,64,individual,19,1,0.945
2015213,64,tactical,8,1,0.3
2015213,65,individual,22,1,0.985
2015213,65,tactical,7,1,0.245
2015213,66,individual,21,1,0.985
2015213,66,tactical,6,1,0.1
2015213,67,individual,19,1,0.965
2015213,67,tactical,6,0,0.13
2015213,68,individual,19,1,0.97
2015213,68,tactical,4,0,0.0
2015213,69,individual,19,1,0.945
2015213,69,tactical,6,0,0.105
2015213,70,individual,18,1,0.96
2015213,70,tactical,8,1,0.405
2015213,71,individual,19,1,0.935
2015213,71,tactical,8,1,0.36
2015213,72,individual,20,1,0.965
2015213,72,tactical,5,0,0.07
2015213,73,individual,19,1,0.935
2015213,73,tactical,4,0,0.0
2015213,74,individual,19,1,0.965
2015213,74,tactical,5,0,0.07
2015213,75,individual,21,1,0.975
2015213,75,tactical,4,0,0.01
2015213,76,individual,20,1,0.955
2015213,76,tactical,8,1,0.345
2015213,77,individual,16,1,0.805
2015213,77,tactical,5,0,0.01
2015213,78,individual,20,1,0.975
2015213,78,tactical,5,0,0.055
2015213,79,individual,20,1,0.975
2015213,79,tactical,5,0,0.065
2015213,80,individual,19,1,0.965
2015213,80,tactical,8,1,0.31
2015213,81,individual,21,1,0.975
2015213,81,tactical,3,0,0.0
2015213,82,individual,16,1,0.81
2015213,82,tactical,3,0,0.0
2015213,83,individual,19,1,0.91
2015213,83,tactical,3,0,0.0
2015213,84,individual,17,1,0.825
2015213,84,tactical,4,0,0.0
2015213,85,individual,22,1,0.94
2015213,85,tactical,4,0,0.01
2015213,86,individual,17,1,0.865
2015213,86,tactical,5,0,0.01
2015213,87,individual,21,1,0.975
2015213,87,tactical,4,0,0.02
2015213,88,individual,18,1,0.83
2015213,88,tactical,3,0,0.0
2015213,89,individual,20,1,0.93
2015213,89,tactical,5,0,0.095
2015213,90,individual,21,1,0.985
2015213,90,tactical,9,1,0.455
2015213,91,individual,19,1,0.965
2015213,91,tactical,8,0,0.375
2015213,92,individual,18,1,0.91
2015213,92,tactical,3,0,0.0
2015213,93,individual,18,1,0.92
2015213,93,tactical,5,0,0.045
2015213,94,individual,20,1,0.94
2015213,94,tactical,5,0,0.035
2015213,95,individual,19,1,0.97
2015213,95,tactical,7,1,0.255
2015213,96,individual,22,1,0.985
2015213,96,tactical,5,0,0.07
2015213,97,individual,19,1,0.945
2015213,97,tactical,5,0,0.04
2015213,98,individual,20,1,0.975
2015213,98,tactical,5,0,0.06
2015213,99,individual,20,1,0.98
2015213,99,tactical,8,1,0.295
2015213,100,individual,19,1,0.94
2015213,100,tactical,4,0,0.005
2015213,101,individual,22,1,0.99
2015213,101,tactical,7,1,0.245
2015213,102,individual,19,1,0.96
2015213,102,tactical,7,0,0.165
2015213,103,individual,21,1,0.965
2015213,103,tactical,5,0,0.03
2015213,104,individual,19,1,0.93
2015213,104,tactical,7,1,0.2
2015213,105,individual,21,1,0.985
2015213,105,tactical,8,0,0.24
2015213,106,individual,22,1,0.98
2015213,106,tactical,5,0,0.055
2015213,107,individual,21,1,0.985
2015213,107,tactical,5,0,0.025
2015213,108,individual,21,1,0.97
2015213,108,tactical,5,0,0.085
2015213,109,individual,20,1,0.955
2015213,109,tactical,9,1,0.46
2015213,110,individual,20,1,0.955
2015213,110,tactical,5,0,0.065
2015213,111,individual,21,1,0.98
2015213,111,tactical,7,0,0.235
2015213,112,individual,20,1,0.925
2015213,112,tactical,4,0,0.0
2015213,113,individual,16,1,0.875
2015213,113,tactical,4,0,0.0
2015213,114,individual,15,0,0.785
2015213,114,tactical,5,1,0.07
2015213,115,individual,18,1,0.825
2015213,115,tactical,3,0,0.0
2015213,116,individual,14,1,0.535
2015213,116,tactical,2,0,0.0
2015213,117,individual,15,1,0.7
2015213,117,tactical,3,0,0.0
2015213,118,individual,20,1,0.965
2015213,118,tactical,7,0,0.21
2015213,119,individual,20,1,0.965
2015213,119,tactical,4,0,0.015
2015213,120,individual,18,1,0.87
2015213,120,tactical,4,0,0.005
2015213,121,individual,20,1,0.965
2015213,121,tactical,4,0,0.02
2015213,122,individual,22,1,0.99
2015213,122,tactical,3,0,0.0
2015213,123,individual,18,1,0.86
2015213,123,tactical,4,0,0.005
2015213,124,individual,22,1,0.965
2015213,124,tactical,3,0,0.0
2015213,125,individual,17,1,0.815
2015213,125,tactical,6,1,0.035
2015213,126,individual,20,1,0.945
2015213,126,tactical,5,0,0.045
2015213,127,individual,16,1,0.81
2015213,127,tactical,4,0,0.02
2015213,128,individual,22,1,0.98
2015213,128,tactical,9,1,0.38
2015213,129,individual,21,1,0.975
2015213,129,tactical,6,0,0.11
2015213,130,individual,21,1,0.98
2015213,130,tactical,5,1,0.085
2015213,131,individual,21,1,0.955
2015213,131,tactical,4,0,0.0
2015213,132,individual,17,1,0.835
2015213,132,tactical,5,0,0.01
2015213,133,individual,21,1,0.955
2015213,133,tactical,4,0,0.01
2015213,134,individual,15,1,0.82
2015213,134,tactical,6,0,0.13
2015213,135,individual,19,1,0.88
2015213,135,tactical,4,0,0.005
2015213,136,individual,21,1,0.98
2015213,136,tactical,4,0,0.005
2015213,137,individual,21,1,0.975
2015213,137,tactical,8,1,0.31
2015213,138,individual,21,1,0.97
2015213,138,tactical,5,0,0.015
2015213,139,individual,19,1,0.9
2015213,139,tactical,6,0,0.095
2015213,140,individual,20,1,0.96
2015213,140,tactical,4,0,0.01
2015213,141,individual,18,1,0.815
2015213,141,tactical,3,0,0.0
2015213,142,individual,18,1,0.935
2015213,142,tactical,5,0,0.04
2015213,143,individual,19,1,0.93
2015213,143,tactical,6,1,0.08
2015213,144,individual,20,1,0.935
2015213,144,tactical,4,0,0.0
2015213,145,individual,20,1,0.935
2015213,145,tactical,5,0,0.04
2015213,146,individual,22,1,0.985
2015213,146,tactical,8,1,0.36
2015213,147,individual,20,1,0.965
2015213,147,tactical,5,0,0.03
2015213,148,individual,16,1,0.84
2015213,148,tactical,5,0,0.015
2015213,149,individual,20,1,0.985
2015213,149,tactical,8,1,0.27
2013725,0,individual,21,1,0.985
2013725,0,tactical,7,1,0.26
2013725,1,individual,21,1,0.985
2013725,1,tactical,5,0,0.055
2013725,2,individual,22,1,0.985
2013725,2,tactical,7,0,0.305
2013725,3,individual,20,1,0.98
2013725,3,tactical,4,0,0.025
2013725,4,individual,21,1,0.96
2013725,4,tactical,2,0,0.0
2013725,5,individual,19,0,0.925
2013725,5,tactical,4,0,0.005
2013725,6,individual,20,1,0.97
2013725,6,tactical,7,0,0.235
2013725,7,individual,21,1,0.98
2013725,7,tactical,5,0,0.125
2013725,8,individual,20,1,0.945
2013725,8,tactical,5,0,0.05
2013725,9,individual,19,1,0.96
2013725,9,tactical,5,0,0.05
2013725,10,individual,18,1,0.83
2013725,10,tactical,4,0,0.0
2013725,11,individual,22,1,0.995
2013725,11,tactical,3,0,0.0
2013725,12,individual,18,1,0.805
2013725,12,tactical,3,0,0.0
2013725,13,individual,19,1,0.91
2013725,13,tactical,3,0,0.0
2013725,14,individual,19,1,0.965
2013725,14,tactical,6,0,0.12
2013725,15,individual,20,1,0.975
2013725,15,tactical,6,0,0.09
2013725,16,individual,15,1,0.735
2013725,16,tactical,2,0,0.0
2013725,17,individual,13,1,0.63
2013725,17,tactical,5,0,0.02
2013725,18,individual,12,1,0.6
2013725,18,tactical,4,0,0.005
2013725,19,individual,15,1,0.75
2013725,19,tactical,3,0,0.0
2013725,20,individual,20,1,0.94
2013725,20,tactical,3,0,0.0
2013725,21,individual,19,1,0.825
2013725,21,tactical,3,0,0.0
2013725,22,individual,21,1,0.985
2013725,22,tactical,7,1,0.27
2013725,23,individual,19,1,0.935
2013725,23,tactical,11,1,0.645
2013725,24,individual,20,1,0.93
2013725,24,tactical,6,1,0.15
2013725,25,individual,21,1,0.915
2013725,25,tactical,3,0,0.0
2013725,26,individual,16,1,0.92
2013725,26,tactical,5,0,0.09
2013725,27,individual,22,1,0.98
2013725,27,tactical,4,0,0.025
2013725,28,individual,16,1,0.825
2013725,28,tactical,4,0,0.015
2013725,29,individual,19,1,0.965
2013725,29,tactical,6,1,0.115
2013725,30,individual,22,1,0.98
2013725,30,tactical,5,0,0.05
2013725,31,individual,20,1,0.985
2013725,31,tactical,5,0,0.035
2013725,32,individual,21,1,0.955
2013725,32,tactical,4,0,0.01
2013725,33,individual,19,1,0.925
2013725,33,tactical,2,0,0.0
2013725,34,individual,20,1,0.96
2013725,34,tactical,5,1,0.05
2013725,35,individual,20,1,0.945
2013725,35,tactical,7,1,0.235
2013725,36,individual,21,1,0.97
2013725,36,tactical,7,0,0.135
2013725,37,individual,19,1,0.975
2013725,37,tactical,9,1,0.43
2013725,38,individual,21,1,0.96
2013725,38,tactical,5,0,0.04
2013725,39,individual,19,1,0.965
2013725,39,tactical,3,0,0.0
2013725,40,individual,21,1,0.99
2013725,40,tactical,11,1,0.64
2013725,41,individual,20,1,0.96
2013725,41,tactical,7,1,0.17
2013725,42,individual,19,1,0.945
2013725,42,tactical,5,0,0.055
2013725,43,individual,18,1,0.925
2013725,43,tactical,4,0,0.01
2013725,44,individual,19,1,0.915
2013725,44,tactical,5,0,0.08
2013725,45,individual,21,1,0.95
2013725,45,tactical,4,0,0.0
2013725,46,individual,10,0,0.465
2013725,46,tactical,4,0,0.01
2013725,47,individual,9,0,0.34
2013725,47,tactical,4,0,0.005
2013725,48,individual,16,1,0.79
2013725,48,tactical,3,0,0.0
2013725,49,individual,16,1,0.795
2013725,49,tactical,3,0,0.0
2013725,50,individual,19,1,0.95
2013725,50,tactical,4,0,0.0
2013725,51,individual,18,1,0.91
2013725,51,tactical,5,0,0.015
2013725,52,individual,20,1,0.985
2013725,52,tactical,8,1,0.34
2013725,53,individual,21,1,0.955
2013725,53,tactical,6,0,0.13
2013725,54,individual,21,1,0.965
2013725,54,tactical,4,0,0.01
2013725,55,individual,18,1,0.88
2013725,55,tactical,3,0,0.0
2013725,56,individual,19,1,0.96
2013725,56,tactical,4,0,0.015
2013725,57,individual,21,1,0.97
2013725,57,tactical,4,0,0.005
2013725,58,individual,21,1,0.98
2013725,58,tactical,5,0,0.04
2013725,59,individual,19,1,0.93
2013725,59,tactical,5,0,0.045
2013725,60,individual,19,1,0.905
2013725,60,tactical,6,1,0.095
2013725,61,individual,21,1,0.98
2013725,61,tactical,6,0,0.13
2013725,62,individual,20,1,0.975
2013725,62,tactical,7,0,0.295
2013725,63,individual,18,1,0.925
2013725,63,tactical,4,0,0.0
2013725,64,individual,20,1,0.97
2013725,64,tactical,4,0,0.015
2013725,65,individual,22,1,0.985
2013725,65,tactical,6,0,0.21
2013725,66,individual,20,1,0.925
2013725,66,tactical,3,0,0.0
2013725,67,individual,19,1,0.935
2013725,67,tactical,6,0,0.06
2013725,68,individual,18,1,0.915
2013725,68,tactical,8,0,0.38
2013725,69,individual,20,1,0.95
2013725,69,tactical,5,0,0.025
2013725,70,individual,19,1,0.865
2013725,70,tactical,4,0,0.005
2013725,71,individual,12,1,0.48
2013725,71,tactical,3,0,0.0
2013725,72,individual,17,0,0.855
2013725,72,tactical,3,0,0.0
2013725,73,individual,19,1,0.82
2013725,73,tactical,3,0,0.0
2013725,74,individual,18,1,0.795
2013725,74,tactical,3,0,0.0
2013725,75,individual,18,1,0.83
2013725,75,tactical,3,0,0.0
2013725,76,individual,19,1,0.88
2013725,76,tactical,3,0,0.0
2013725,77,individual,12,0,0.485
2013725,77,tactical,3,0,0.0
2013725,78,individual,19,1,0.91
2013725,78,tactical,2,0,0.0
2013725,79,individual,20,1,0.93
2013725,79,tactical,3,0,0.0
2013725,80,individual,18,1,0.925
2013725,80,tactical,4,0,0.03
2013725,81,individual,19,1,0.94
2013725,81,tactical,3,0,0.0
2013725,82,individual,19,1,0.925
2013725,82,tactical,7,1,0.225
2013725,83,individual,21,1,0.975
2013725,83,tactical,6,0,0.21
2013725,84,individual,19,1,0.96
2013725,84,tactical,6,0,0.11
2013725,85,individual,18,1,0.915
2013725,85,tactical,4,0,0.0
2013725,86,individual,18,1,0.915
2013725,86,tactical,4,0,0.0
2013725,87,individual,16,1,0.805
2013725,87,tactical,3,0,0.0
2013725,88,individual,16,0,0.77
2013725,88,tactical,3,0,0.0
2013725,89,individual,20,1,0.915
2013725,89,tactical,7,0,0.32
2013725,90,individual,21,1,0.99
2013725,90,tactical,7,0,0.295
2013725,91,individual,21,1,0.975
2013725,91,tactical,4,0,0.01
2013725,92,individual,18,1,0.945
2013725,92,tactical,8,1,0.33
2013725,93,individual,19,1,0.97
2013725,93,tactical,5,0,0.06
2013725,94,individual,22,1,1.0
2013725,94,tactical,6,0,0.225
2013725,95,individual,21,1,0.99
2013725,95,tactical,6,1,0.13
2013725,96,individual,17,1,0.79
2013725,96,tactical,3,0,0.0
2013725,97,individual,12,0,0.63
2013725,97,tactical,4,0,0.01
2013725,98,individual,14,0,0.735
2013725,98,tactical,3,0,0.0
2013725,99,individual,18,1,0.925
2013725,99,tactical,3,0,0.0
2013725,100,individual,22,1,0.98
2013725,100,tactical,6,0,0.13
2013725,101,individual,22,1,0.99
2013725,101,tactical,6,0,0.15
2013725,102,individual,21,1,0.97
2013725,102,tactical,7,1,0.235
2013725,103,individual,19,1,0.88
2013725,103,tactical,4,0,0.01
2013725,104,individual,20,1,0.965
2013725,104,tactical,4,0,0.02
2013725,105,individual,20,1,0.98
2013725,105,tactical,8,1,0.34
2013725,106,individual,21,1,0.985
2013725,106,tactical,7,1,0.22
2013725,107,individual,20,1,0.975
2013725,107,tactical,6,0,0.205
2013725,108,individual,21,1,0.95
2013725,108,tactical,4,0,0.005
2013725,109,individual,20,1,0.955
2013725,109,tactical,5,0,0.02
2013725,110,individual,21,1,0.96
2013725,110,tactical,7,1,0.23
2013725,111,individual,20,1,0.93
2013725,111,tactical,6,0,0.15
2013725,112,individual,19,1,0.945
2013725,112,tactical,5,0,0.015
2013725,113,individual,19,1,0.92
2013725,113,tactical,4,0,0.0
2013725,114,individual,19,1,0.945
2013725,114,tactical,7,0,0.28
2013725,115,individual,21,1,0.99
2013725,115,tactical,7,1,0.225
2013725,116,individual,21,1,0.94
2013725,116,tactical,5,0,0.04
2013725,117,individual,19,1,0.935
2013725,117,tactical,4,0,0.0
2013725,118,individual,20,1,0.93
2013725,118,tactical,4,0,0.0
2013725,119,individual,20,1,0.95
2013725,119,tactical,3,0,0.0
2013725,120,individual,19,1,0.955
2013725,120,tactical,5,1,0.1
2013725,121,individual,19,1,0.935
2013725,121,tactical,4,0,0.025
2013725,122,individual,19,1,0.95
2013725,122,tactical,3,0,0.0
2013725,123,individual,21,1,0.99
2013725,123,tactical,6,1,0.195
2013725,124,individual,22,1,0.97
2013725,124,tactical,4,0,0.005
2013725,125,individual,21,1,0.96
2013725,125,tactical,7,0,0.23
2013725,126,individual,22,1,0.975
2013725,126,tactical,5,0,0.055
2013725,127,individual,20,1,0.955
2013725,127,tactical,3,0,0.0
2013725,128,individual,21,1,0.96
2013725,128,tactical,6,0,0.035
2013725,129,individual,18,1,0.845
2013725,129,tactical,3,0,0.0
2013725,130,individual,20,1,0.94
2013725,130,tactical,4,0,0.005
2013725,131,individual,19,1,0.94
2013725,131,tactical,4,0,0.005
2013725,132,individual,21,1,0.93
2013725,132,tactical,5,0,0.01
2013725,133,individual,21,1,0.985
2013725,133,tactical,5,0,0.035
2013725,134,individual,20,1,0.97
2013725,134,tactical,5,1,0.08
2013725,135,individual,20,1,0.985
2013725,135,tactical,5,0,0.065
2013725,136,individual,19,1,0.955
2013725,136,tactical,7,0,0.24
2013725,137,individual,22,1,0.99
2013725,137,tactical,8,1,0.35
2013725,138,individual,18,1,0.94
2013725,138,tactical,8,1,0.315
2013725,139,individual,20,1,0.94
2013725,139,tactical,4,0,0.005
2013725,140,individual,18,1,0.88
2013725,140,tactical,5,0,0.005
2013725,141,individual,21,1,0.93
2013725,141,tactical,3,0,0.0
2013725,142,individual,19,1,0.915
2013725,142,tactical,5,0,0.02
2013725,143,individual,18,1,0.835
2013725,143,tactical,4,0,0.01
2013725,144,individual,21,1,0.955
2013725,144,tactical,4,0,0.0
2013725,145,individual,19,1,0.925
2013725,145,tactical,3,0,0.0
2013725,146,individual,16,1,0.805
2013725,146,tactical,2,0,0.0
2013725,147,individual,19,1,0.94
2013725,147,tactical,5,0,0.05
2013725,148,individual,21,1,0.97
2013725,148,tactical,5,0,0.055
2013725,149,individual,21,1,0.965
2013725,149,tactical,5,0,0.15
2011166,0,individual,22,1,0.985
2011166,0,tactical,5,0,0.015
2011166,1,individual,19,1,0.97
2011166,1,tactical,5,0,0.06
2011166,2,individual,17,1,0.94
2011166,2,tactical,6,1,0.135
2011166,3,individual,21,1,0.975
2011166,3,tactical,3,0,0.0
2011166,4,individual,14,1,0.65
2011166,4,tactical,5,0,0.04
2011166,5,individual,16,1,0.82
2011166,5,tactical,4,0,0.005
2011166,6,individual,19,1,0.945
2011166,6,tactical,5,0,0.065
2011166,7,individual,18,1,0.945
2011166,7,tactical,6,0,0.18
2011166,8,individual,19,1,0.945
2011166,8,tactical,5,0,0.03
2011166,9,individual,21,1,0.955
2011166,9,tactical,3,0,0.0
2011166,10,individual,19,1,0.845
2011166,10,tactical,5,0,0.02
2011166,11,individual,18,1,0.935
2011166,11,tactical,5,0,0.055
2011166,12,individual,18,1,0.875
2011166,12,tactical,4,0,0.01
2011166,13,individual,21,1,0.97
2011166,13,tactical,5,0,0.03
2011166,14,individual,19,1,0.92
2011166,14,tactical,4,0,0.015
2011166,15,individual,18,1,0.905
2011166,15,tactical,3,0,0.0
2011166,16,individual,17,1,0.675
2011166,16,tactical,2,0,0.0
2011166,17,individual,20,1,0.935
2011166,17,tactical,4,0,0.005
2011166,18,individual,21,1,0.985
2011166,18,tactical,6,1,0.125
2011166,19,individual,18,1,0.92
2011166,19,tactical,7,1,0.175
2011166,20,individual,20,1,0.93
2011166,20,tactical,5,0,0.05
2011166,21,individual,21,1,0.92
2011166,21,tactical,4,0,0.0
2011166,22,individual,20,1,0.925
2011166,22,tactical,5,0,0.03
2011166,23,individual,16,1,0.645
2011166,23,tactical,3,0,0.0
2011166,24,individual,19,1,0.875
2011166,24,tactical,3,0,0.0
2011166,25,individual,18,1,0.77
2011166,25,tactical,3,0,0.0
2011166,26,individual,19,1,0.9
2011166,26,tactical,3,0,0.0
2011166,27,individual,20,1,0.945
2011166,27,tactical,4,0,0.005
2011166,28,individual,21,1,0.965
2011166,28,tactical,5,0,0.01
2011166,29,individual,20,1,0.965
2011166,29,tactical,6,0,0.15
2011166,30,individual,19,1,0.935
2011166,30,tactical,4,0,0.015
2011166,31,individual,19,1,0.93
2011166,31,tactical,6,0,0.135
2011166,32,individual,21,1,0.94
2011166,32,tactical,4,0,0.005
2011166,33,individual,14,1,0.71
2011166,33,tactical,3,0,0.0
2011166,34,individual,15,1,0.805
2011166,34,tactical,3,0,0.0
2011166,35,individual,10,0,0.39
2011166,35,tactical,3,0,0.0
2011166,36,individual,18,1,0.895
2011166,36,tactical,3,0,0.0
2011166,37,individual,21,1,0.955
2011166,37,tactical,5,0,0.015
2011166,38,individual,21,1,0.975
2011166,38,tactical,5,0,0.075
2011166,39,individual,20,1,0.95
2011166,39,tactical,5,0,0.035
2011166,40,individual,15,1,0.79
2011166,40,tactical,4,0,0.01
2011166,41,individual,15,1,0.81
2011166,41,tactical,3,0,0.0
2011166,42,individual,18,1,0.845
2011166,42,tactical,3,0,0.0
2011166,43,individual,19,1,0.915
2011166,43,tactical,5,0,0.015
2011166,44,individual,19,1,0.945
2011166,44,tactical,5,0,0.015
2011166,45,individual,21,1,0.945
2011166,45,tactical,5,1,0.015
2011166,46,individual,18,1,0.92
2011166,46,tactical,5,0,0.07
2011166,47,individual,20,1,0.91
2011166,47,tactical,3,0,0.0
2011166,48,individual,21,1,0.985
2011166,48,tactical,6,0,0.1
2011166,49,individual,20,1,0.97
2011166,49,tactical,9,1,0.37
2011166,50,individual,19,1,0.955
2011166,50,tactical,6,0,0.14
2011166,51,individual,20,1,0.975
2011166,51,tactical,6,0,0.18
2011166,52,individual,20,1,0.975
2011166,52,tactical,7,0,0.205
2011166,53,individual,20,1,0.975
2011166,53,tactical,5,0,0.085
2011166,54,individual,20,1,0.95
2011166,54,tactical,4,0,0.0
2011166,55,individual,16,1,0.81
2011166,55,tactical,4,0,0.01
2011166,56,individual,18,1,0.935
2011166,56,tactical,5,0,0.04
2011166,57,individual,20,1,0.935
2011166,57,tactical,5,0,0.025
2011166,58,individual,17,1,0.845
2011166,58,tactical,4,0,0.01
2011166,59,individual,22,1,0.98
2011166,59,tactical,4,0,0.005
2011166,60,individual,18,1,0.945
2011166,60,tactical,5,0,0.055
2011166,61,individual,20,1,0.98
2011166,61,tactical,5,0,0.035
2011166,62,individual,17,1,0.94
2011166,62,tactical,4,0,0.015
2011166,63,individual,15,1,0.695
2011166,63,tactical,4,0,0.005
2011166,64,individual,20,1,0.945
2011166,64,tactical,4,0,0.01
2011166,65,individual,21,1,0.975
2011166,65,tactical,5,0,0.015
2011166,66,individual,21,1,0.99
2011166,66,tactical,7,1,0.285
2011166,67,individual,19,1,0.96
2011166,67,tactical,5,1,0.06
2011166,68,individual,17,1,0.88
2011166,68,tactical,3,0,0.0
2011166,69,individual,14,1,0.785
2011166,69,tactical,5,0,0.04
2011166,70,individual,19,1,0.91
2011166,70,tactical,3,0,0.0
2011166,71,individual,18,1,0.885
2011166,71,tactical,3,0,0.0
2011166,72,individual,17,1,0.82
2011166,72,tactical,4,0,0.005
2011166,73,individual,17,1,0.825
2011166,73,tactical,5,1,0.045
2011166,74,individual,19,1,0.955
2011166,74,tactical,6,1,0.1
2011166,75,individual,19,1,0.94
2011166,75,tactical,4,0,0.015
2011166,76,individual,19,1,0.935
2011166,76,tactical,5,0,0.06
2011166,77,individual,18,1,0.81
2011166,77,tactical,2,0,0.0
2011166,78,individual,18,1,0.845
2011166,78,tactical,3,0,0.0
2011166,79,individual,20,1,0.965
2011166,79,tactical,6,0,0.175
2011166,80,individual,19,1,0.94
2011166,80,tactical,7,1,0.16
2011166,81,individual,20,1,0.965
2011166,81,tactical,5,0,0.04
2011166,82,individual,20,1,0.97
2011166,82,tactical,6,1,0.105
2011166,83,individual,18,1,0.905
2011166,83,tactical,5,0,0.035
2011166,84,individual,20,1,0.965
2011166,84,tactical,6,1,0.09
2011166,85,individual,22,1,0.99
2011166,85,tactical,5,1,0.11
2011166,86,individual,14,1,0.715
2011166,86,tactical,7,1,0.14
2011166,87,individual,19,1,0.98
2011166,87,tactical,5,0,0.055
2011166,88,individual,21,1,0.99
2011166,88,tactical,7,1,0.21
2011166,89,individual,18,1,0.945
2011166,89,tactical,5,0,0.095
2011166,90,individual,20,1,0.97
2011166,90,tactical,6,1,0.16
2011166,91,individual,21,1,0.965
2011166,91,tactical,3,0,0.0
2011166,92,individual,20,1,0.955
2011166,92,tactical,4,0,0.01
2011166,93,individual,18,1,0.95
2011166,93,tactical,4,0,0.015
2011166,94,individual,21,1,0.965
2011166,94,tactical,4,0,0.005
2011166,95,individual,18,1,0.91
2011166,95,tactical,4,0,0.01
2011166,96,individual,19,1,0.96
2011166,96,tactical,7,0,0.18
2011166,97,individual,19,1,0.97
2011166,97,tactical,4,0,0.015
2011166,98,individual,16,1,0.85
2011166,98,tactical,6,0,0.125
2011166,99,individual,20,1,0.945
2011166,99,tactical,4,0,0.005
2011166,100,individual,15,0,0.825
2011166,100,tactical,4,0,0.005
2011166,101,individual,20,1,0.97
2011166,101,tactical,5,0,0.06
2011166,102,individual,16,1,0.725
2011166,102,tactical,3,0,0.0
2011166,103,individual,10,0,0.355
2011166,103,tactical,4,0,0.0
2011166,104,individual,18,1,0.855
2011166,104,tactical,3,0,0.0
2011166,105,individual,18,1,0.875
2011166,105,tactical,4,0,0.01
2011166,106,individual,12,1,0.53
2011166,106,tactical,3,0,0.0
2011166,107,individual,14,1,0.72
2011166,107,tactical,4,0,0.01
2011166,108,individual,12,0,0.49
2011166,108,tactical,3,0,0.0
2011166,109,individual,14,1,0.72
2011166,109,tactical,3,0,0.0
2011166,110,individual,18,1,0.835
2011166,110,tactical,3,0,0.0
2011166,111,individual,18,1,0.83
2011166,111,tactical,2,0,0.0
2011166,112,individual,20,1,0.97
2011166,112,tactical,5,0,0.07
2011166,113,individual,18,1,0.955
2011166,113,tactical,4,0,0.03
2011166,114,individual,18,1,0.85
2011166,114,tactical,3,0,0.0
2011166,115,individual,20,1,0.965
2011166,115,tactical,3,0,0.0
2011166,116,individual,18,1,0.905
2011166,116,tactical,5,0,0.005
2011166,117,individual,19,1,0.895
2011166,117,tactical,3,0,0.0
2011166,118,individual,20,1,0.98
2011166,118,tactical,8,1,0.35
2011166,119,individual,19,1,0.935
2011166,119,tactical,7,0,0.19
2011166,120,individual,19,1,0.94
2011166,120,tactical,5,1,0.035
2011166,121,individual,18,1,0.955
2011166,121,tactical,5,0,0.03
2011166,122,individual,18,1,0.93
2011166,122,tactical,5,0,0.045
2011166,123,individual,17,1,0.91
2011166,123,tactical,6,0,0.12
2011166,124,individual,21,1,0.985
2011166,124,tactical,4,0,0.025
2011166,125,individual,20,1,0.91
2011166,125,tactical,3,0,0.0
2011166,126,individual,22,1,0.98
2011166,126,tactical,5,0,0.015
2011166,127,individual,17,1,0.91
2011166,127,tactical,4,0,0.0
2011166,128,individual,18,1,0.915
2011166,128,tactical,5,1,0.055
2011166,129,individual,20,1,0.96
2011166,129,tactical,3,0,0.0
2011166,130,individual,18,1,0.935
2011166,130,tactical,5,0,0.065
2011166,131,individual,20,0,0.935
2011166,131,tactical,6,0,0.105
2011166,132,individual,9,0,0.295
2011166,132,tactical,4,0,0.01
2011166,133,individual,11,1,0.49
2011166,133,tactical,3,0,0.0
2011166,134,individual,18,1,0.895
2011166,134,tactical,3,0,0.0
2011166,135,individual,17,1,0.875
2011166,135,tactical,5,1,0.065
2011166,136,individual,16,1,0.82
2011166,136,tactical,4,0,0.005
2011166,137,individual,17,1,0.84
2011166,137,tactical,5,0,0.04
2011166,138,individual,20,1,0.97
2011166,138,tactical,2,0,0.0
2011166,139,individual,20,1,0.97
2011166,139,tactical,3,0,0.0
2011166,140,individual,19,1,0.935
2011166,140,tactical,4,0,0.0
2011166,141,individual,19,1,0.855
2011166,141,tactical,4,0,0.01
2011166,142,individual,14,1,0.72
2011166,142,tactical,4,0,0.015
2011166,143,individual,20,1,0.98
2011166,143,tactical,4,0,0.0
2011166,144,individual,18,1,0.915
2011166,144,tactical,6,1,0.155
2011166,145,individual,16,1,0.82
2011166,145,tactical,3,0,0.0
2011166,146,individual,21,1,0.935
2011166,146,tactical,3,0,0.0
2011166,147,individual,18,1,0.905
2011166,147,tactical,6,0,0.07
2011166,148,individual,18,1,0.895
2011166,148,tactical,7,1,0.215
2011166,149,individual,17,1,0.705
2011166,149,tactical,4,0,0.005
2006229,0,individual,22,1,1.0
2006229,0,tactical,4,0,0.005
2006229,1,individual,20,1,0.95
2006229,1,tactical,8,1,0.315
2006229,2,individual,17,1,0.885
2006229,2,tactical,4,0,0.01
2006229,3,individual,18,1,0.875
2006229,3,tactical,3,0,0.0
2006229,4,individual,20,1,0.98
2006229,4,tactical,6,0,0.09
2006229,5,individual,21,1,0.99
2006229,5,tactical,7,1,0.265
2006229,6,individual,18,1,0.94
2006229,6,tactical,4,0,0.04
2006229,7,individual,20,1,0.955
2006229,7,tactical,7,1,0.215
2006229,8,individual,20,1,0.975
2006229,8,tactical,4,0,0.0
2006229,9,individual,20,1,0.975
2006229,9,tactical,3,0,0.0
2006229,10,individual,21,1,0.97
2006229,10,tactical,4,0,0.005
2006229,11,individual,21,1,0.985
2006229,11,tactical,6,0,0.21
2006229,12,individual,19,1,0.92
2006229,12,tactical,3,0,0.0
2006229,13,individual,21,1,0.965
2006229,13,tactical,4,0,0.005
2006229,14,individual,17,1,0.865
2006229,14,tactical,6,1,0.085
2006229,15,individual,21,1,0.975
2006229,15,tactical,5,0,0.075
2006229,16,individual,16,1,0.745
2006229,16,tactical,3,0,0.0
2006229,17,individual,21,1,0.945
2006229,17,tactical,4,0,0.0
2006229,18,individual,12,1,0.575
2006229,18,tactical,5,0,0.01
2006229,19,individual,12,1,0.605
2006229,19,tactical,4,0,0.005
2006229,20,individual,18,1,0.915
2006229,20,tactical,3,0,0.0
2006229,21,individual,20,1,0.97
2006229,21,tactical,5,0,0.055
2006229,22,individual,21,1,0.985
2006229,22,tactical,7,1,0.245
2006229,23,individual,20,1,0.955
2006229,23,tactical,8,0,0.345
2006229,24,individual,20,1,0.93
2006229,24,tactical,4,0,0.005
2006229,25,individual,22,1,0.97
2006229,25,tactical,4,0,0.005
2006229,26,individual,19,1,0.945
2006229,26,tactical,6,0,0.15
2006229,27,individual,19,1,0.94
2006229,27,tactical,4,0,0.0
2006229,28,individual,19,1,0.92
2006229,28,tactical,3,0,0.0
2006229,29,individual,20,1,0.985
2006229,29,tactical,6,1,0.16
2006229,30,individual,21,1,0.965
2006229,30,tactical,8,1,0.37
2006229,31,individual,19,1,0.95
2006229,31,tactical,6,1,0.14
2006229,32,individual,20,1,0.96
2006229,32,tactical,6,0,0.17
2006229,33,individual,18,1,0.87
2006229,33,tactical,4,0,0.0
2006229,34,individual,18,1,0.9
2006229,34,tactical,5,0,0.01
2006229,35,individual,17,1,0.885
2006229,35,tactical,7,0,0.295
2006229,36,individual,20,1,0.95
2006229,36,tactical,7,1,0.25
2006229,37,individual,21,1,0.965
2006229,37,tactical,5,0,0.065
2006229,38,individual,20,1,0.98
2006229,38,tactical,5,0,0.09
2006229,39,individual,21,1,0.965
2006229,39,tactical,4,0,0.015
2006229,40,individual,22,1,0.975
2006229,40,tactical,8,1,0.355
2006229,41,individual,21,1,0.955
2006229,41,tactical,3,0,0.0
2006229,42,individual,19,1,0.885
2006229,42,tactical,3,0,0.0
2006229,43,individual,20,1,0.925
2006229,43,tactical,5,0,0.01
2006229,44,individual,20,1,0.96
2006229,44,tactical,6,0,0.07
2006229,45,individual,19,1,0.955
2006229,45,tactical,4,0,0.01
2006229,46,individual,17,1,0.865
2006229,46,tactical,5,0,0.025
2006229,47,individual,21,1,0.97
2006229,47,tactical,6,0,0.075
2006229,48,individual,22,1,0.98
2006229,48,tactical,8,0,0.38
2006229,49,individual,21,1,0.975
2006229,49,tactical,5,1,0.055
2006229,50,individual,19,1,0.95
2006229,50,tactical,4,0,0.005
2006229,51,individual,20,1,0.935
2006229,51,tactical,4,0,0.035
2006229,52,individual,21,0,0.955
2006229,52,tactical,5,0,0.075
2006229,53,individual,20,1,0.97
2006229,53,tactical,7,1,0.27
2006229,54,individual,21,1,0.985
2006229,54,tactical,5,0,0.07
2006229,55,individual,20,1,0.97
2006229,55,tactical,7,1,0.26
2006229,56,individual,19,1,0.98
2006229,56,tactical,7,1,0.22
2006229,57,individual,20,1,0.97
2006229,57,tactical,5,0,0.05
2006229,58,individual,18,1,0.925
2006229,58,tactical,4,0,0.0
2006229,59,individual,17,1,0.72
2006229,59,tactical,2,0,0.0
2006229,60,individual,20,1,0.9
2006229,60,tactical,3,0,0.0
2006229,61,individual,20,1,0.94
2006229,61,tactical,6,0,0.14
2006229,62,individual,20,1,0.96
2006229,62,tactical,5,0,0.015
2006229,63,individual,18,1,0.9
2006229,63,tactical,5,0,0.025
2006229,64,individual,17,1,0.865
2006229,64,tactical,2,0,0.0
2006229,65,individual,17,1,0.805
2006229,65,tactical,3,0,0.0
2006229,66,individual,18,1,0.945
2006229,66,tactical,3,0,0.0
2006229,67,individual,20,1,0.97
2006229,67,tactical,6,0,0.13
2006229,68,individual,20,1,0.975
2006229,68,tactical,5,0,0.095
2006229,69,individual,20,1,0.97
2006229,69,tactical,7,1,0.235
2006229,70,individual,21,1,0.985
2006229,70,tactical,6,1,0.14
2006229,71,individual,21,1,0.97
2006229,71,tactical,5,1,0.065
2006229,72,individual,20,0,0.96
2006229,72,tactical,5,0,0.045
2006229,73,individual,21,1,0.975
2006229,73,tactical,5,0,0.07
2006229,74,individual,18,0,0.885
2006229,74,tactical,4,0,0.01
2006229,75,individual,8,0,0.19
2006229,75,tactical,6,0,0.125
2006229,76,individual,16,1,0.87
2006229,76,tactical,3,0,0.0
2006229,77,individual,16,1,0.87
2006229,77,tactical,5,0,0.08
2006229,78,individual,20,1,0.965
2006229,78,tactical,3,0,0.0
2006229,79,individual,20,1,0.95
2006229,79,tactical,4,0,0.005
2006229,80,individual,18,1,0.925
2006229,80,tactical,5,0,0.025
2006229,81,individual,18,1,0.9
2006229,81,tactical,5,0,0.025
2006229,82,individual,17,1,0.845
2006229,82,tactical,4,0,0.005
2006229,83,individual,13,1,0.69
2006229,83,tactical,3,0,0.0
2006229,84,individual,15,1,0.72
2006229,84,tactical,3,0,0.0
2006229,85,individual,21,1,0.955
2006229,85,tactical,6,0,0.09
2006229,86,individual,21,1,0.995
2006229,86,tactical,8,1,0.385
2006229,87,individual,19,1,0.97
2006229,87,tactical,7,1,0.285
2006229,88,individual,20,1,0.975
2006229,88,tactical,9,1,0.495
2006229,89,individual,18,1,0.89
2006229,89,tactical,5,0,0.035
2006229,90,individual,21,1,0.97
2006229,90,tactical,4,0,0.0
2006229,91,individual,16,1,0.8
2006229,91,tactical,4,0,0.015
2006229,92,individual,10,1,0.36
2006229,92,tactical,4,0,0.01
2006229,93,individual,11,0,0.53
2006229,93,tactical,5,0,0.045
2006229,94,individual,21,1,0.99
2006229,94,tactical,7,0,0.135
2006229,95,individual,21,1,0.99
2006229,95,tactical,7,0,0.195
2006229,96,individual,19,1,0.935
2006229,96,tactical,8,1,0.34
2006229,97,individual,21,1,0.975
2006229,97,tactical,8,1,0.37
2006229,98,individual,21,1,0.965
2006229,98,tactical,7,0,0.19
2006229,99,individual,20,1,0.985
2006229,99,tactical,10,1,0.53
2006229,100,individual,20,1,0.97
2006229,100,tactical,5,0,0.03
2006229,101,individual,20,1,0.975
2006229,101,tactical,7,0,0.26
2006229,102,individual,20,1,0.96
2006229,102,tactical,4,0,0.01
2006229,103,individual,19,1,0.955
2006229,103,tactical,7,1,0.25
2006229,104,individual,20,1,0.965
2006229,104,tactical,5,0,0.065
2006229,105,individual,19,1,0.955
2006229,105,tactical,6,0,0.11
2006229,106,individual,21,1,0.955
2006229,106,tactical,5,0,0.025
2006229,107,individual,20,1,0.965
2006229,107,tactical,4,0,0.01
2006229,108,individual,19,1,0.965
2006229,108,tactical,7,1,0.19
2006229,109,individual,21,1,0.99
2006229,109,tactical,4,0,0.02
2006229,110,individual,19,1,0.975
2006229,110,tactical,7,0,0.21
2006229,111,individual,21,1,0.995
2006229,111,tactical,6,1,0.135
2006229,112,individual,20,1,0.97
2006229,112,tactical,6,0,0.13
2006229,113,individual,19,1,0.955
2006229,113,tactical,4,0,0.025
2006229,114,individual,18,1,0.895
2006229,114,tactical,6,0,0.125
2006229,115,individual,22,1,0.985
2006229,115,tactical,7,1,0.295
2006229,116,individual,22,1,0.995
2006229,116,tactical,4,0,0.005
2006229,117,individual,20,1,0.985
2006229,117,tactical,7,0,0.21
2006229,118,individual,19,1,0.965
2006229,118,tactical,9,1,0.465
2006229,119,individual,20,1,0.985
2006229,119,tactical,7,0,0.25
2006229,120,individual,20,1,0.935
2006229,120,tactical,7,1,0.24
2006229,121,individual,17,1,0.865
2006229,121,tactical,3,0,0.0
2006229,122,individual,19,1,0.935
2006229,122,tactical,4,0,0.0
2006229,123,individual,22,1,0.98
2006229,123,tactical,2,0,0.0
2006229,124,individual,19,1,0.96
2006229,124,tactical,4,0,0.025
2006229,125,individual,19,1,0.955
2006229,125,tactical,6,1,0.09
2006229,126,individual,19,1,0.98
2006229,126,tactical,8,1,0.335
2006229,127,individual,18,1,0.955
2006229,127,tactical,8,1,0.4
2006229,128,individual,19,1,0.965
2006229,128,tactical,7,0,0.22
2006229,129,individual,15,1,0.765
2006229,129,tactical,4,0,0.0
2006229,130,individual,16,1,0.755
2006229,130,tactical,2,0,0.0
2006229,131,individual,16,1,0.805
2006229,131,tactical,4,0,0.005
2006229,132,individual,20,1,0.935
2006229,132,tactical,6,0,0.09
2006229,133,individual,21,1,0.985
2006229,133,tactical,3,0,0.0
2006229,134,individual,20,1,0.975
2006229,134,tactical,8,1,0.295
2006229,135,individual,21,1,0.955
2006229,135,tactical,6,0,0.05
2006229,136,individual,21,1,0.975
2006229,136,tactical,5,0,0.045
2006229,137,individual,20,1,0.98
2006229,137,tactical,5,0,0.055
2006229,138,individual,19,1,0.965
2006229,138,tactical,8,1,0.33
2006229,139,individual,20,1,0.95
2006229,139,tactical,6,1,0.13
2006229,140,individual,19,1,0.94
2006229,140,tactical,8,0,0.345
2006229,141,individual,20,1,0.985
2006229,141,tactical,10,1,0.525
2006229,142,individual,21,1,0.965
2006229,142,tactical,6,1,0.115
2006229,143,individual,20,1,0.96
2006229,143,tactical,6,1,0.145
2006229,144,individual,20,1,0.96
2006229,144,tactical,7,0,0.295
2006229,145,individual,21,1,0.99
2006229,145,tactical,5,0,0.095
2006229,146,individual,19,1,0.97
2006229,146,tactical,5,0,0.08
2006229,147,individual,20,1,0.99
2006229,147,tactical,6,0,0.12
2006229,148,individual,18,1,0.965
2006229,148,tactical,5,0,0.045
2006229,149,individual,21,1,0.98
2006229,149,tactical,6,1,0.095
1996435,0,individual,21,1,0.97
1996435,0,tactical,3,0,0.0
1996435,1,individual,19,1,0.765
1996435,1,tactical,3,0,0.0
1996435,2,individual,17,1,0.775
1996435,2,tactical,3,0,0.0
1996435,3,individual,20,1,0.96
1996435,3,tactical,4,0,0.0
1996435,4,individual,21,1,0.97
1996435,4,tactical,5,0,0.055
1996435,5,individual,19,1,0.97
1996435,5,tactical,5,0,0.12
1996435,6,individual,20,1,0.965
1996435,6,tactical,4,0,0.015
1996435,7,individual,21,1,0.99
1996435,7,tactical,5,0,0.065
1996435,8,individual,18,1,0.885
1996435,8,tactical,3,0,0.0
1996435,9,individual,20,1,0.945
1996435,9,tactical,4,0,0.01
1996435,10,individual,19,1,0.935
1996435,10,tactical,5,0,0.065
1996435,11,individual,18,1,0.91
1996435,11,tactical,4,0,0.005
1996435,12,individual,18,1,0.935
1996435,12,tactical,5,1,0.04
1996435,13,individual,18,0,0.875
1996435,13,tactical,2,0,0.0
1996435,14,individual,19,1,0.91
1996435,14,tactical,3,0,0.0
1996435,15,individual,20,1,0.945
1996435,15,tactical,5,0,0.07
1996435,16,individual,20,1,0.965
1996435,16,tactical,5,0,0.065
1996435,17,individual,21,1,0.985
1996435,17,tactical,5,0,0.085
1996435,18,individual,17,1,0.875
1996435,18,tactical,3,0,0.0
1996435,19,individual,17,1,0.855
1996435,19,tactical,3,0,0.0
1996435,20,individual,18,1,0.9
1996435,20,tactical,3,0,0.0
1996435,21,individual,16,1,0.86
1996435,21,tactical,3,0,0.0
1996435,22,individual,18,1,0.835
1996435,22,tactical,2,0,0.0
1996435,23,individual,14,0,0.665
1996435,23,tactical,3,0,0.0
1996435,24,individual,22,1,0.985
1996435,24,tactical,5,0,0.04
1996435,25,individual,21,1,0.945
1996435,25,tactical,3,0,0.0
1996435,26,individual,17,1,0.82
1996435,26,tactical,2,0,0.0
1996435,27,individual,12,0,0.5
1996435,27,tactical,3,0,0.0
1996435,28,individual,19,1,0.905
1996435,28,tactical,3,0,0.0
1996435,29,individual,20,1,0.965
1996435,29,tactical,4,0,0.0
1996435,30,individual,21,1,0.97
1996435,30,tactical,6,0,0.235
1996435,31,individual,20,1,0.97
1996435,31,tactical,11,1,0.625
1996435,32,individual,17,1,0.92
1996435,32,tactical,4,0,0.0
1996435,33,individual,22,1,0.98
1996435,33,tactical,5,0,0.06
1996435,34,individual,16,1,0.795
1996435,34,tactical,3,0,0.0
1996435,35,individual,12,1,0.63
1996435,35,tactical,5,1,0.04
1996435,36,individual,16,1,0.905
1996435,36,tactical,7,1,0.235
1996435,37,individual,19,1,0.925
1996435,37,tactical,4,0,0.005
1996435,38,individual,18,1,0.915
1996435,38,tactical,3,0,0.0
1996435,39,individual,19,1,0.895
1996435,39,tactical,5,0,0.02
1996435,40,individual,19,0,0.91
1996435,40,tactical,3,0,0.0
1996435,41,individual,19,1,0.955
1996435,41,tactical,7,0,0.21
1996435,42,individual,21,1,0.985
1996435,42,tactical,4,0,0.02
1996435,43,individual,20,1,0.95
1996435,43,tactical,7,1,0.24
1996435,44,individual,20,1,0.975
1996435,44,tactical,4,0,0.03
1996435,45,individual,20,1,0.945
1996435,45,tactical,4,0,0.015
1996435,46,individual,17,1,0.855
1996435,46,tactical,4,0,0.01
1996435,47,individual,19,1,0.88
1996435,47,tactical,4,0,0.0
1996435,48,individual,9,1,0.33
1996435,48,tactical,3,0,0.0
1996435,49,individual,15,1,0.795
1996435,49,tactical,3,0,0.0
1996435,50,individual,20,1,0.975
1996435,50,tactical,7,1,0.285
1996435,51,individual,19,1,0.98
1996435,51,tactical,6,0,0.07
1996435,52,individual,20,1,0.985
1996435,52,tactical,7,0,0.24
1996435,53,individual,20,1,0.985
1996435,53,tactical,8,1,0.355
1996435,54,individual,21,1,0.99
1996435,54,tactical,7,0,0.245
1996435,55,individual,19,1,0.975
1996435,55,tactical,4,0,0.0
1996435,56,individual,17,1,0.895
1996435,56,tactical,6,1,0.085
1996435,57,individual,17,1,0.845
1996435,57,tactical,4,0,0.005
1996435,58,individual,18,1,0.945
1996435,58,tactical,5,0,0.035
1996435,59,individual,22,1,0.985
1996435,59,tactical,5,0,0.03
1996435,60,individual,21,1,0.97
1996435,60,tactical,6,0,0.125
1996435,61,individual,21,1,0.965
1996435,61,tactical,6,0,0.07
1996435,62,individual,20,1,0.955
1996435,62,tactical,4,0,0.005
1996435,63,individual,20,1,0.965
1996435,63,tactical,6,1,0.145
1996435,64,individual,21,1,0.98
1996435,64,tactical,3,0,0.0
1996435,65,individual,20,1,0.96
1996435,65,tactical,5,0,0.055
1996435,66,individual,19,1,0.9
1996435,66,tactical,5,0,0.07
1996435,67,individual,20,1,0.955
1996435,67,tactical,3,0,0.0
1996435,68,individual,19,1,0.955
1996435,68,tactical,5,0,0.05
1996435,69,individual,20,1,0.965
1996435,69,tactical,5,0,0.145
1996435,70,individual,20,1,0.93
1996435,70,tactical,3,0,0.0
1996435,71,individual,17,1,0.84
1996435,71,tactical,4,0,0.005
1996435,72,individual,20,1,0.9
1996435,72,tactical,3,0,0.0
1996435,73,individual,18,1,0.94
1996435,73,tactical,5,0,0.025
1996435,74,individual,19,1,0.97
1996435,74,tactical,5,1,0.08
1996435,75,individual,20,1,0.95
1996435,75,tactical,4,0,0.0
1996435,76,individual,18,1,0.95
1996435,76,tactical,3,0,0.0
1996435,77,individual,19,1,0.955
1996435,77,tactical,4,0,0.0
1996435,78,individual,19,1,0.97
1996435,78,tactical,6,0,0.17
1996435,79,individual,21,1,0.98
1996435,79,tactical,6,0,0.16
1996435,80,individual,19,1,0.935
1996435,80,tactical,4,0,0.005
1996435,81,individual,20,1,0.935
1996435,81,tactical,3,0,0.0
1996435,82,individual,21,1,0.965
1996435,82,tactical,3,0,0.0
1996435,83,individual,17,1,0.875
1996435,83,tactical,3,0,0.0
1996435,84,individual,22,1,0.985
1996435,84,tactical,3,0,0.0
1996435,85,individual,21,1,0.95
1996435,85,tactical,3,0,0.0
1996435,86,individual,20,1,0.955
1996435,86,tactical,6,0,0.07
1996435,87,individual,19,1,0.92
1996435,87,tactical,3,0,0.0
1996435,88,individual,18,0,0.82
1996435,88,tactical,4,0,0.0
1996435,89,individual,19,1,0.83
1996435,89,tactical,3,0,0.0
1996435,90,individual,22,1,0.985
1996435,90,tactical,4,0,0.0
1996435,91,individual,21,1,0.99
1996435,91,tactical,6,1,0.155
1996435,92,individual,20,1,0.975
1996435,92,tactical,4,0,0.03
1996435,93,individual,17,1,0.85
1996435,93,tactical,3,0,0.0
1996435,94,individual,14,1,0.785
1996435,94,tactical,5,0,0.03
1996435,95,individual,12,1,0.6
1996435,95,tactical,3,0,0.0
1996435,96,individual,20,1,0.915
1996435,96,tactical,4,0,0.0
1996435,97,individual,20,1,0.95
1996435,97,tactical,6,0,0.155
1996435,98,individual,18,1,0.925
1996435,98,tactical,8,1,0.355
1996435,99,individual,18,1,0.945
1996435,99,tactical,8,1,0.285
1996435,100,individual,19,1,0.945
1996435,100,tactical,5,0,0.035
1996435,101,individual,19,1,0.88
1996435,101,tactical,4,0,0.01
1996435,102,individual,17,1,0.875
1996435,102,tactical,5,0,0.075
1996435,103,individual,19,1,0.955
1996435,103,tactical,5,0,0.07
1996435,104,individual,20,1,0.98
1996435,104,tactical,5,0,0.04
1996435,105,individual,22,1,0.98
1996435,105,tactical,5,0,0.085
1996435,106,individual,19,1,0.92
1996435,106,tactical,6,0,0.185
1996435,107,individual,18,1,0.91
1996435,107,tactical,4,0,0.0
1996435,108,individual,17,1,0.93
1996435,108,tactical,4,0,0.0
1996435,109,individual,20,1,0.985
1996435,109,tactical,5,0,0.055
1996435,110,individual,20,1,0.97
1996435,110,tactical,5,0,0.07
1996435,111,individual,20,1,0.95
1996435,111,tactical,5,0,0.045
1996435,112,individual,18,1,0.92
1996435,112,tactical,4,0,0.015
1996435,113,individual,21,1,0.9
1996435,113,tactical,4,0,0.0
1996435,114,individual,20,1,0.965
1996435,114,tactical,3,0,0.0
1996435,115,individual,13,1,0.49
1996435,115,tactical,4,0,0.0
1996435,116,individual,14,1,0.73
1996435,116,tactical,3,0,0.0
1996435,117,individual,14,1,0.875
1996435,117,tactical,6,0,0.105
1996435,118,individual,19,1,0.91
1996435,118,tactical,3,0,0.0
1996435,119,individual,20,1,0.935
1996435,119,tactical,7,0,0.17
1996435,120,individual,19,1,0.97
1996435,120,tactical,6,1,0.18
1996435,121,individual,20,1,0.96
1996435,121,tactical,4,0,0.01
1996435,122,individual,20,1,0.955
1996435,122,tactical,4,0,0.0
1996435,123,individual,18,1,0.875
1996435,123,tactical,4,0,0.01
1996435,124,individual,19,1,0.875
1996435,124,tactical,2,0,0.0
1996435,125,individual,21,1,0.955
1996435,125,tactical,7,0,0.17
1996435,126,individual,20,1,0.93
1996435,126,tactical,3,0,0.0
1996435,127,individual,22,1,0.99
1996435,127,tactical,8,0,0.31
1996435,128,individual,20,1,0.96
1996435,128,tactical,9,1,0.48
1996435,129,individual,20,1,0.96
1996435,129,tactical,6,0,0.125
1996435,130,individual,19,1,0.93
1996435,130,tactical,3,0,0.0
1996435,131,individual,20,1,0.965
1996435,131,tactical,5,0,0.055
1996435,132,individual,21,1,0.98
1996435,132,tactical,5,0,0.14
1996435,133,individual,19,1,0.95
1996435,133,tactical,8,1,0.35
1996435,134,individual,19,1,0.95
1996435,134,tactical,5,0,0.045
1996435,135,individual,15,1,0.685
1996435,135,tactical,2,0,0.0
1996435,136,individual,11,1,0.425
1996435,136,tactical,4,0,0.005
1996435,137,individual,20,1,0.96
1996435,137,tactical,9,1,0.425
1996435,138,individual,21,1,0.96
1996435,138,tactical,7,0,0.15
1996435,139,individual,20,1,0.965
1996435,139,tactical,6,0,0.14
1996435,140,individual,20,1,0.91
1996435,140,tactical,7,1,0.175
1996435,141,individual,22,1,0.985
1996435,141,tactical,9,0,0.43
1996435,142,individual,21,0,0.965
1996435,142,tactical,4,0,0.01
1996435,143,individual,21,1,0.98
1996435,143,tactical,5,0,0.11
1996435,144,individual,21,1,0.965
1996435,144,tactical,5,0,0.085
1996435,145,individual,20,1,0.955
1996435,145,tactical,6,0,0.155
1996435,146,individual,20,1,0.94
1996435,146,tactical,4,0,0.02
1996435,147,individual,20,1,0.945
1996435,147,tactical,4,0,0.0
1996435,148,individual,13,1,0.63
1996435,148,tactical,5,0,0.02
1996435,149,individual,17,1,0.845
1996435,149,tactical,3,0,0.0
1953632,0,individual,21,1,0.985
1953632,0,tactical,8,0,0.385
1953632,1,individual,19,1,0.965
1953632,1,tactical,6,0,0.125
1953632,2,individual,22,1,0.985
1953632,2,tactical,9,1,0.465
1953632,3,individual,21,1,0.99
1953632,3,tactical,11,1,0.685
1953632,4,individual,19,1,0.965
1953632,4,tactical,5,1,0.065
1953632,5,individual,21,1,0.965
1953632,5,tactical,7,0,0.27
1953632,6,individual,20,1,0.96
1953632,6,tactical,6,0,0.125
1953632,7,individual,20,1,0.97
1953632,7,tactical,7,1,0.17
1953632,8,individual,21,1,0.97
1953632,8,tactical,6,1,0.075
1953632,9,individual,20,1,0.955
1953632,9,tactical,7,1,0.23
1953632,10,individual,20,1,0.98
1953632,10,tactical,6,1,0.09
1953632,11,individual,20,1,0.915
1953632,11,tactical,2,0,0.0
1953632,12,individual,11,1,0.51
1953632,12,tactical,4,0,0.02
1953632,13,individual,7,0,0.26
1953632,13,tactical,5,0,0.04
1953632,14,individual,7,0,0.195
1953632,14,tactical,5,0,0.035
1953632,15,individual,18,1,0.905
1953632,15,tactical,3,0,0.0
1953632,16,individual,19,1,0.89
1953632,16,tactical,3,0,0.0
1953632,17,individual,20,1,0.965
1953632,17,tactical,7,1,0.21
1953632,18,individual,20,1,0.93
1953632,18,tactical,6,1,0.095
1953632,19,individual,20,1,0.935
1953632,19,tactical,4,0,0.01
1953632,20,individual,19,1,0.945
1953632,20,tactical,8,0,0.38
1953632,21,individual,19,1,0.905
1953632,21,tactical,3,0,0.0
1953632,22,individual,19,1,0.965
1953632,22,tactical,6,0,0.09
1953632,23,individual,21,1,0.985
1953632,23,tactical,7,1,0.345
1953632,24,individual,21,1,0.98
1953632,24,tactical,8,1,0.345
1953632,25,individual,19,1,0.98
1953632,25,tactical,7,1,0.3
1953632,26,individual,20,1,0.985
1953632,26,tactical,6,1,0.155
1953632,27,individual,20,1,0.975
1953632,27,tactical,6,0,0.03
1953632,28,individual,21,1,0.98
1953632,28,tactical,9,1,0.455
1953632,29,individual,21,1,0.91
1953632,29,tactical,3,0,0.0
1953632,30,individual,20,1,0.975
1953632,30,tactical,8,0,0.355
1953632,31,individual,21,1,0.99
1953632,31,tactical,8,1,0.33
1953632,32,individual,21,1,0.97
1953632,32,tactical,7,0,0.225
1953632,33,individual,19,1,0.955
1953632,33,tactical,7,1,0.205
1953632,34,individual,20,1,0.96
1953632,34,tactical,4,0,0.015
1953632,35,individual,20,1,0.96
1953632,35,tactical,5,1,0.08
1953632,36,individual,20,1,0.965
1953632,36,tactical,5,1,0.06
1953632,37,individual,21,1,0.975
1953632,37,tactical,5,0,0.075
1953632,38,individual,18,1,0.89
1953632,38,tactical,3,0,0.0
1953632,39,individual,16,1,0.74
1953632,39,tactical,2,0,0.0
1953632,40,individual,21,1,0.915
1953632,40,tactical,3,0,0.0
1953632,41,individual,14,1,0.72
1953632,41,tactical,3,0,0.0
1953632,42,individual,20,1,0.985
1953632,42,tactical,5,1,0.12
1953632,43,individual,20,1,0.98
1953632,43,tactical,6,1,0.11
1953632,44,individual,21,1,1.0
1953632,44,tactical,5,0,0.085
1953632,45,individual,19,1,0.96
1953632,45,tactical,8,1,0.405
1953632,46,individual,21,1,0.99
1953632,46,tactical,6,0,0.145
1953632,47,individual,20,1,0.97
1953632,47,tactical,7,1,0.2
1953632,48,individual,20,1,0.985
1953632,48,tactical,6,0,0.16
1953632,49,individual,21,1,0.975
1953632,49,tactical,9,1,0.25
1953632,50,individual,20,1,0.985
1953632,50,tactical,11,1,0.695
1953632,51,individual,21,1,0.995
1953632,51,tactical,5,0,0.075
1953632,52,individual,22,1,0.97
1953632,52,tactical,6,1,0.175
1953632,53,individual,20,1,0.965
1953632,53,tactical,5,0,0.035
1953632,54,individual,21,1,0.97
1953632,54,tactical,8,1,0.41
1953632,55,individual,20,1,0.965
1953632,55,tactical,4,0,0.0
1953632,56,individual,19,1,0.975
1953632,56,tactical,3,0,0.0
1953632,57,individual,18,1,0.87
1953632,57,tactical,6,0,0.04
1953632,58,individual,21,1,0.96
1953632,58,tactical,3,0,0.0
1953632,59,individual,20,1,0.96
1953632,59,tactical,5,1,0.025
1953632,60,individual,16,1,0.75
1953632,60,tactical,2,0,0.0
1953632,61,individual,14,1,0.66
1953632,61,tactical,3,0,0.0
1953632,62,individual,11,1,0.485
1953632,62,tactical,3,0,0.0
1953632,63,individual,22,1,0.97
1953632,63,tactical,7,1,0.265
1953632,64,individual,21,1,0.95
1953632,64,tactical,5,0,0.055
1953632,65,individual,17,1,0.89
1953632,65,tactical,4,0,0.005
1953632,66,individual,20,1,0.92
1953632,66,tactical,3,0,0.0
1953632,67,individual,22,1,0.995
1953632,67,tactical,6,1,0.11
1953632,68,individual,21,1,0.99
1953632,68,tactical,6,1,0.15
1953632,69,individual,20,1,0.985
1953632,69,tactical,6,0,0.165
1953632,70,individual,22,1,0.965
1953632,70,tactical,7,0,0.275
1953632,71,individual,21,1,0.98
1953632,71,tactical,6,0,0.165
1953632,72,individual,19,1,0.925
1953632,72,tactical,4,0,0.0
1953632,73,individual,17,1,0.87
1953632,73,tactical,4,0,0.0
1953632,74,individual,19,1,0.93
1953632,74,tactical,5,0,0.015
1953632,75,individual,18,1,0.93
1953632,75,tactical,5,0,0.05
1953632,76,individual,18,1,0.92
1953632,76,tactical,7,0,0.18
1953632,77,individual,21,1,0.985
1953632,77,tactical,9,1,0.415
1953632,78,individual,19,1,0.935
1953632,78,tactical,7,0,0.225
1953632,79,individual,21,1,0.975
1953632,79,tactical,3,0,0.0
1953632,80,individual,21,1,0.975
1953632,80,tactical,5,0,0.06
1953632,81,individual,21,1,0.99
1953632,81,tactical,8,1,0.44
1953632,82,individual,20,1,0.975
1953632,82,tactical,5,0,0.08
1953632,83,individual,20,1,0.975
1953632,83,tactical,6,1,0.155
1953632,84,individual,20,1,0.97
1953632,84,tactical,7,1,0.265
1953632,85,individual,21,1,0.975
1953632,85,tactical,6,1,0.185
1953632,86,individual,22,1,0.985
1953632,86,tactical,6,0,0.225
1953632,87,individual,20,1,0.985
1953632,87,tactical,7,1,0.275
1953632,88,individual,21,1,0.965
1953632,88,tactical,5,0,0.035
1953632,89,individual,17,1,0.865
1953632,89,tactical,4,0,0.0
1953632,90,individual,19,1,0.935
1953632,90,tactical,6,0,0.11
1953632,91,individual,20,1,0.95
1953632,91,tactical,5,0,0.075
1953632,92,individual,22,1,0.975
1953632,92,tactical,4,0,0.03
1953632,93,individual,21,1,0.975
1953632,93,tactical,7,0,0.265
1953632,94,individual,19,1,0.95
1953632,94,tactical,7,1,0.345
1953632,95,individual,19,1,0.95
1953632,95,tactical,8,1,0.365
1953632,96,individual,20,1,0.975
1953632,96,tactical,4,0,0.025
1953632,97,individual,20,1,0.935
1953632,97,tactical,4,0,0.01
1953632,98,individual,16,1,0.795
1953632,98,tactical,4,0,0.0
1953632,99,individual,20,1,0.91
1953632,99,tactical,5,0,0.03
1953632,100,individual,21,1,0.98
1953632,100,tactical,5,0,0.045
1953632,101,individual,21,1,0.945
1953632,101,tactical,5,0,0.02
1953632,102,individual,20,1,0.965
1953632,102,tactical,5,0,0.05
1953632,103,individual,18,1,0.965
1953632,103,tactical,6,0,0.145
1953632,104,individual,21,1,0.98
1953632,104,tactical,6,0,0.18
1953632,105,individual,20,1,0.965
1953632,105,tactical,4,0,0.0
1953632,106,individual,21,1,0.985
1953632,106,tactical,5,1,0.015
1953632,107,individual,21,1,0.98
1953632,107,tactical,4,0,0.0
1953632,108,individual,20,1,0.95
1953632,108,tactical,9,1,0.3
1953632,109,individual,19,1,0.985
1953632,109,tactical,6,1,0.16
1953632,110,individual,21,1,0.97
1953632,110,tactical,6,0,0.14
1953632,111,individual,20,1,0.975
1953632,111,tactical,5,0,0.035
1953632,112,individual,21,1,0.95
1953632,112,tactical,4,0,0.0
1953632,113,individual,17,1,0.895
1953632,113,tactical,3,0,0.0
1953632,114,individual,20,1,0.945
1953632,114,tactical,4,0,0.015
1953632,115,individual,20,1,0.98
1953632,115,tactical,5,0,0.065
1953632,116,individual,18,1,0.905
1953632,116,tactical,4,0,0.0
1953632,117,individual,20,1,0.935
1953632,117,tactical,4,0,0.005
1953632,118,individual,20,1,0.995
1953632,118,tactical,4,0,0.01
1953632,119,individual,19,1,0.93
1953632,119,tactical,5,0,0.02
1953632,120,individual,20,1,0.975
1953632,120,tactical,5,1,0.07
1953632,121,individual,21,1,0.98
1953632,121,tactical,5,0,0.1
1953632,122,individual,20,1,0.965
1953632,122,tactical,10,1,0.515
1953632,123,individual,20,1,0.94
1953632,123,tactical,5,0,0.03
1953632,124,individual,21,1,0.98
1953632,124,tactical,7,0,0.215
1953632,125,individual,21,1,0.98
1953632,125,tactical,5,0,0.11
1953632,126,individual,19,1,0.965
1953632,126,tactical,9,1,0.555
1953632,127,individual,20,1,0.98
1953632,127,tactical,5,1,0.035
1953632,128,individual,21,1,0.955
1953632,128,tactical,3,0,0.0
1953632,129,individual,21,1,0.955
1953632,129,tactical,3,0,0.0
1953632,130,individual,20,1,0.965
1953632,130,tactical,5,0,0.04
1953632,131,individual,19,1,0.965
1953632,131,tactical,6,0,0.125
1953632,132,individual,20,1,0.99
1953632,132,tactical,4,0,0.02
1953632,133,individual,20,1,0.97
1953632,133,tactical,5,0,0.06
1953632,134,individual,17,1,0.895
1953632,134,tactical,5,0,0.03
1953632,135,individual,20,1,0.965
1953632,135,tactical,5,0,0.035
1953632,136,individual,20,1,0.955
1953632,136,tactical,7,1,0.215
1953632,137,individual,21,1,0.96
1953632,137,tactical,6,1,0.15
1953632,138,individual,22,1,0.995
1953632,138,tactical,7,0,0.305
1953632,139,individual,19,1,0.935
1953632,139,tactical,9,1,0.41
1953632,140,individual,20,1,0.965
1953632,140,tactical,5,0,0.095
1953632,141,individual,19,1,0.975
1953632,141,tactical,5,1,0.035
1953632,142,individual,21,1,0.975
1953632,142,tactical,8,0,0.32
1953632,143,individual,21,1,0.985
1953632,143,tactical,5,0,0.04
1953632,144,individual,17,1,0.89
1953632,144,tactical,6,0,0.19
1953632,145,individual,19,1,0.915
1953632,145,tactical,5,0,0.03
1953632,146,individual,21,1,0.985
1953632,146,tactical,7,1,0.205
1953632,147,individual,19,1,0.96
1953632,147,tactical,8,1,0.33
1953632,148,individual,21,1,0.98
1953632,148,tactical,5,0,0.06
1953632,149,individual,21,1,0.985
1953632,149,tactical,4,0,0.03
1925299,0,individual,20,1,0.87
1925299,0,tactical,3,0,0.0
1925299,1,individual,19,1,0.94
1925299,1,tactical,5,0,0.035
1925299,2,individual,21,1,0.975
1925299,2,tactical,4,0,0.015
1925299,3,individual,19,1,0.905
1925299,3,tactical,4,0,0.0
1925299,4,individual,21,1,0.935
1925299,4,tactical,3,0,0.0
1925299,5,individual,17,1,0.885
1925299,5,tactical,4,0,0.005
1925299,6,individual,21,1,0.975
1925299,6,tactical,4,0,0.005
1925299,7,individual,18,1,0.815
1925299,7,tactical,3,0,0.0
1925299,8,individual,18,1,0.85
1925299,8,tactical,4,0,0.005
1925299,9,individual,16,1,0.69
1925299,9,tactical,3,0,0.0
1925299,10,individual,19,1,0.93
1925299,10,tactical,4,0,0.0
1925299,11,individual,20,1,0.975
1925299,11,tactical,4,0,0.0
1925299,12,individual,16,1,0.84
1925299,12,tactical,5,1,0.09
1925299,13,individual,19,1,0.965
1925299,13,tactical,9,1,0.48
1925299,14,individual,19,1,0.925
1925299,14,tactical,6,0,0.085
1925299,15,individual,20,1,0.935
1925299,15,tactical,4,0,0.005
1925299,16,individual,21,1,0.94
1925299,16,tactical,3,0,0.0
1925299,17,individual,21,1,0.935
1925299,17,tactical,4,0,0.005
1925299,18,individual,17,1,0.865
1925299,18,tactical,7,0,0.14
1925299,19,individual,18,1,0.875
1925299,19,tactical,5,1,0.045
1925299,20,individual,22,1,0.955
1925299,20,tactical,2,0,0.0
1925299,21,individual,21,1,0.98
1925299,21,tactical,6,0,0.1
1925299,22,individual,18,1,0.925
1925299,22,tactical,6,0,0.075
1925299,23,individual,20,1,0.935
1925299,23,tactical,5,0,0.045
1925299,24,individual,21,1,0.985
1925299,24,tactical,5,0,0.005
1925299,25,individual,21,1,0.975
1925299,25,tactical,7,0,0.29
1925299,26,individual,19,1,0.97
1925299,26,tactical,4,0,0.025
1925299,27,individual,20,1,0.925
1925299,27,tactical,5,0,0.01
1925299,28,individual,17,1,0.815
1925299,28,tactical,4,0,0.01
1925299,29,individual,16,1,0.755
1925299,29,tactical,2,0,0.0
1925299,30,individual,12,1,0.44
1925299,30,tactical,4,0,0.005
1925299,31,individual,9,1,0.305
1925299,31,tactical,4,0,0.015
1925299,32,individual,17,1,0.855
1925299,32,tactical,3,0,0.0
1925299,33,individual,20,1,0.935
1925299,33,tactical,4,0,0.0
1925299,34,individual,21,1,0.975
1925299,34,tactical,5,1,0.04
1925299,35,individual,20,1,0.975
1925299,35,tactical,6,0,0.125
1925299,36,individual,20,1,0.97
1925299,36,tactical,6,0,0.135
1925299,37,individual,18,1,0.915
1925299,37,tactical,4,0,0.01
1925299,38,individual,19,1,0.94
1925299,38,tactical,7,0,0.285
1925299,39,individual,21,1,0.96
1925299,39,tactical,4,0,0.005
1925299,40,individual,19,1,0.92
1925299,40,tactical,5,0,0.06
1925299,41,individual,19,1,0.92
1925299,41,tactical,3,0,0.0
1925299,42,individual,16,1,0.825
1925299,42,tactical,3,0,0.0
1925299,43,individual,22,1,0.98
1925299,43,tactical,6,0,0.195
1925299,44,individual,20,1,0.955
1925299,44,tactical,3,0,0.0
1925299,45,individual,17,1,0.865
1925299,45,tactical,6,0,0.125
1925299,46,individual,18,1,0.91
1925299,46,tactical,4,0,0.01
1925299,47,individual,19,1,0.95
1925299,47,tactical,4,0,0.005
1925299,48,individual,20,1,0.965
1925299,48,tactical,7,0,0.265
1925299,49,individual,20,1,0.98
1925299,49,tactical,6,0,0.11
1925299,50,individual,20,1,0.935
1925299,50,tactical,5,0,0.085
1925299,51,individual,19,1,0.865
1925299,51,tactical,4,0,0.0
1925299,52,individual,22,1,0.955
1925299,52,tactical,4,0,0.005
1925299,53,individual,14,0,0.705
1925299,53,tactical,6,0,0.06
1925299,54,individual,19,1,0.965
1925299,54,tactical,4,0,0.02
1925299,55,individual,19,1,0.955
1925299,55,tactical,6,1,0.115
1925299,56,individual,21,1,0.99
1925299,56,tactical,7,1,0.215
1925299,57,individual,21,1,0.98
1925299,57,tactical,5,1,0.05
1925299,58,individual,20,1,0.965
1925299,58,tactical,5,0,0.045
1925299,59,individual,20,1,0.94
1925299,59,tactical,4,0,0.025
1925299,60,individual,19,1,0.935
1925299,60,tactical,6,0,0.17
1925299,61,individual,21,1,0.98
1925299,61,tactical,5,0,0.03
1925299,62,individual,19,1,0.95
1925299,62,tactical,8,0,0.265
1925299,63,individual,17,1,0.905
1925299,63,tactical,8,1,0.41
1925299,64,individual,22,1,0.97
1925299,64,tactical,3,0,0.0
1925299,65,individual,18,1,0.935
1925299,65,tactical,4,0,0.005
1925299,66,individual,19,1,0.895
1925299,66,tactical,3,0,0.0
1925299,67,individual,18,1,0.9
1925299,67,tactical,3,0,0.0
1925299,68,individual,19,1,0.94
1925299,68,tactical,4,0,0.005
1925299,69,individual,21,1,0.99
1925299,69,tactical,4,0,0.0
1925299,70,individual,22,1,0.99
1925299,70,tactical,5,0,0.02
1925299,71,individual,20,1,0.98
1925299,71,tactical,7,0,0.255
1925299,72,individual,20,0,0.98
1925299,72,tactical,5,0,0.035
1925299,73,individual,12,1,0.52
1925299,73,tactical,3,0,0.0
1925299,74,individual,13,1,0.55
1925299,74,tactical,3,0,0.0
1925299,75,individual,19,1,0.95
1925299,75,tactical,11,1,0.615
1925299,76,individual,18,1,0.9
1925299,76,tactical,4,0,0.005
1925299,77,individual,19,1,0.945
1925299,77,tactical,6,0,0.15
1925299,78,individual,20,1,0.95
1925299,78,tactical,6,0,0.135
1925299,79,individual,18,1,0.9
1925299,79,tactical,2,0,0.0
1925299,80,individual,19,1,0.895
1925299,80,tactical,3,0,0.0
1925299,81,individual,20,1,0.91
1925299,81,tactical,3,0,0.0
1925299,82,individual,17,1,0.88
1925299,82,tactical,3,0,0.0
1925299,83,individual,21,1,0.975
1925299,83,tactical,5,0,0.09
1925299,84,individual,20,1,0.96
1925299,84,tactical,6,0,0.105
1925299,85,individual,21,1,0.96
1925299,85,tactical,6,0,0.12
1925299,86,individual,19,1,0.94
1925299,86,tactical,4,0,0.0
1925299,87,individual,21,1,0.965
1925299,87,tactical,5,0,0.065
1925299,88,individual,18,1,0.855
1925299,88,tactical,3,0,0.0
1925299,89,individual,17,1,0.81
1925299,89,tactical,3,0,0.0
1925299,90,individual,18,1,0.85
1925299,90,tactical,4,0,0.01
1925299,91,individual,18,1,0.915
1925299,91,tactical,4,0,0.01
1925299,92,individual,20,1,0.94
1925299,92,tactical,6,0,0.2
1925299,93,individual,21,1,0.99
1925299,93,tactical,6,1,0.135
1925299,94,individual,21,1,0.98
1925299,94,tactical,7,1,0.3
1925299,95,individual,21,1,0.995
1925299,95,tactical,9,1,0.495
1925299,96,individual,21,1,0.975
1925299,96,tactical,5,0,0.045
1925299,97,individual,19,1,0.92
1925299,97,tactical,4,0,0.0
1925299,98,individual,19,1,0.85
1925299,98,tactical,3,0,0.0
1925299,99,individual,19,1,0.91
1925299,99,tactical,3,0,0.0
1925299,100,individual,17,1,0.81
1925299,100,tactical,3,0,0.0
1925299,101,individual,21,1,0.97
1925299,101,tactical,4,0,0.005
1925299,102,individual,20,1,0.92
1925299,102,tactical,3,0,0.0
1925299,103,individual,20,1,0.915
1925299,103,tactical,4,0,0.005
1925299,104,individual,19,1,0.93
1925299,104,tactical,4,0,0.0
1925299,105,individual,20,1,0.935
1925299,105,tactical,3,0,0.0
1925299,106,individual,20,1,0.955
1925299,106,tactical,3,0,0.0
1925299,107,individual,21,1,0.975
1925299,107,tactical,6,0,0.085
1925299,108,individual,22,1,0.99
1925299,108,tactical,4,0,0.01
1925299,109,individual,20,1,0.975
1925299,109,tactical,8,0,0.305
1925299,110,individual,18,1,0.975
1925299,110,tactical,7,0,0.28
1925299,111,individual,21,1,0.975
1925299,111,tactical,5,0,0.095
1925299,112,individual,21,1,0.985
1925299,112,tactical,4,0,0.005
1925299,113,individual,21,1,0.97
1925299,113,tactical,4,0,0.015
1925299,114,individual,21,1,0.985
1925299,114,tactical,6,1,0.215
1925299,115,individual,19,1,0.945
1925299,115,tactical,6,0,0.1
1925299,116,individual,19,1,0.865
1925299,116,tactical,3,0,0.0
1925299,117,individual,18,1,0.805
1925299,117,tactical,2,0,0.0
1925299,118,individual,18,1,0.935
1925299,118,tactical,5,1,0.04
1925299,119,individual,20,1,0.93
1925299,119,tactical,3,0,0.0
1925299,120,individual,20,1,0.955
1925299,120,tactical,7,1,0.22
1925299,121,individual,18,1,0.945
1925299,121,tactical,8,0,0.26
1925299,122,individual,18,1,0.93
1925299,122,tactical,6,0,0.155
1925299,123,individual,18,1,0.855
1925299,123,tactical,3,0,0.0
1925299,124,individual,20,1,0.955
1925299,124,tactical,5,0,0.01
1925299,125,individual,21,1,0.965
1925299,125,tactical,5,0,0.035
1925299,126,individual,16,1,0.83
1925299,126,tactical,3,0,0.0
1925299,127,individual,20,1,0.945
1925299,127,tactical,5,0,0.1
1925299,128,individual,16,1,0.8
1925299,128,tactical,3,0,0.0
1925299,129,individual,21,1,0.965
1925299,129,tactical,2,0,0.0
1925299,130,individual,18,1,0.93
1925299,130,tactical,4,0,0.005
1925299,131,individual,18,1,0.93
1925299,131,tactical,5,0,0.035
1925299,132,individual,22,1,0.945
1925299,132,tactical,3,0,0.0
1925299,133,individual,21,1,0.965
1925299,133,tactical,6,0,0.08
1925299,134,individual,15,1,0.6
1925299,134,tactical,4,0,0.0
1925299,135,individual,18,1,0.925
1925299,135,tactical,4,0,0.01
1925299,136,individual,18,1,0.925
1925299,136,tactical,4,0,0.0
1925299,137,individual,19,1,0.885
1925299,137,tactical,4,0,0.01
1925299,138,individual,19,1,0.915
1925299,138,tactical,4,0,0.02
1925299,139,individual,16,1,0.87
1925299,139,tactical,4,0,0.01
1925299,140,individual,21,1,0.96
1925299,140,tactical,6,1,0.155
1925299,141,individual,22,1,0.98
1925299,141,tactical,10,1,0.575
1925299,142,individual,19,1,0.89
1925299,142,tactical,6,1,0.07
1925299,143,individual,19,1,0.935
1925299,143,tactical,5,0,0.025
1925299,144,individual,19,1,0.93
1925299,144,tactical,4,0,0.025
1925299,145,individual,19,1,0.91
1925299,145,tactical,3,0,0.0
1925299,146,individual,17,1,0.86
1925299,146,tactical,3,0,0.0
1925299,147,individual,17,1,0.825
1925299,147,tactical,3,0,0.0
1925299,148,individual,19,1,0.85
1925299,148,tactical,3,0,0.0
1925299,149,individual,20,1,0.845
1925299,149,tactical,3,0,0.0
1899585,0,individual,21,1,0.97
1899585,0,tactical,5,0,0.005
1899585,1,individual,20,1,0.96
1899585,1,tactical,9,1,0.43
1899585,2,individual,20,1,0.93
1899585,2,tactical,6,1,0.125
1899585,3,individual,12,1,0.61
1899585,3,tactical,2,0,0.0
1899585,4,individual,14,1,0.775
1899585,4,tactical,2,0,0.0
1899585,5,individual,12,0,0.565
1899585,5,tactical,4,0,0.0
1899585,6,individual,15,1,0.845
1899585,6,tactical,6,0,0.075
1899585,7,individual,19,1,0.97
1899585,7,tactical,6,0,0.14
1899585,8,individual,18,1,0.935
1899585,8,tactical,5,1,0.065
1899585,9,individual,20,1,0.965
1899585,9,tactical,7,0,0.325
1899585,10,individual,20,1,0.95
1899585,10,tactical,6,1,0.125
1899585,11,individual,19,1,0.93
1899585,11,tactical,6,1,0.1
1899585,12,individual,18,1,0.9
1899585,12,tactical,3,0,0.0
1899585,13,individual,18,1,0.94
1899585,13,tactical,7,1,0.24
1899585,14,individual,20,1,0.98
1899585,14,tactical,7,1,0.28
1899585,15,individual,11,1,0.55
1899585,15,tactical,5,0,0.055
1899585,16,individual,12,1,0.44
1899585,16,tactical,2,0,0.0
1899585,17,individual,18,1,0.875
1899585,17,tactical,2,0,0.0
1899585,18,individual,18,1,0.89
1899585,18,tactical,2,0,0.0
1899585,19,individual,20,1,0.94
1899585,19,tactical,3,0,0.0
1899585,20,individual,20,1,0.95
1899585,20,tactical,5,0,0.035
1899585,21,individual,20,1,0.915
1899585,21,tactical,3,0,0.0
1899585,22,individual,21,1,0.98
1899585,22,tactical,4,0,0.005
1899585,23,individual,20,1,0.95
1899585,23,tactical,7,0,0.15
1899585,24,individual,20,1,0.975
1899585,24,tactical,6,0,0.145
1899585,25,individual,20,1,0.97
1899585,25,tactical,6,0,0.17
1899585,26,individual,20,1,0.985
1899585,26,tactical,5,0,0.045
1899585,27,individual,21,1,0.99
1899585,27,tactical,8,1,0.345
1899585,28,individual,19,1,0.945
1899585,28,tactical,5,0,0.035
1899585,29,individual,19,1,0.945
1899585,29,tactical,4,0,0.005
1899585,30,individual,19,0,0.88
1899585,30,tactical,5,0,0.05
1899585,31,individual,16,1,0.765
1899585,31,tactical,4,0,0.0
1899585,32,individual,18,1,0.905
1899585,32,tactical,2,0,0.0
1899585,33,individual,22,1,0.98
1899585,33,tactical,6,0,0.135
1899585,34,individual,22,1,0.995
1899585,34,tactical,5,0,0.02
1899585,35,individual,20,1,0.955
1899585,35,tactical,5,0,0.04
1899585,36,individual,21,1,0.955
1899585,36,tactical,5,0,0.03
1899585,37,individual,19,1,0.905
1899585,37,tactical,4,0,0.0
1899585,38,individual,18,1,0.81
1899585,38,tactical,3,0,0.0
1899585,39,individual,20,1,0.96
1899585,39,tactical,6,0,0.085
1899585,40,individual,20,1,0.975
1899585,40,tactical,6,0,0.14
1899585,41,individual,21,1,0.975
1899585,41,tactical,3,0,0.0
1899585,42,individual,18,1,0.92
1899585,42,tactical,3,0,0.0
1899585,43,individual,19,1,0.955
1899585,43,tactical,2,0,0.0
1899585,44,individual,20,1,0.97
1899585,44,tactical,2,0,0.0
1899585,45,individual,19,1,0.88
1899585,45,tactical,3,0,0.0
1899585,46,individual,19,1,0.92
1899585,46,tactical,3,0,0.0
1899585,47,individual,21,1,0.96
1899585,47,tactical,3,0,0.0
1899585,48,individual,22,1,0.975
1899585,48,tactical,3,0,0.0
1899585,49,individual,21,1,0.925
1899585,49,tactical,4,0,0.0
1899585,50,individual,21,1,0.96
1899585,50,tactical,5,0,0.055
1899585,51,individual,20,1,0.94
1899585,51,tactical,6,0,0.08
1899585,52,individual,21,1,0.965
1899585,52,tactical,6,0,0.13
1899585,53,individual,19,1,0.97
1899585,53,tactical,8,1,0.335
1899585,54,individual,20,1,0.955
1899585,54,tactical,5,0,0.01
1899585,55,individual,21,1,0.995
1899585,55,tactical,8,1,0.33
1899585,56,individual,21,1,0.985
1899585,56,tactical,10,0,0.46
1899585,57,individual,19,1,0.9
1899585,57,tactical,6,1,0.065
1899585,58,individual,11,1,0.475
1899585,58,tactical,3,0,0.0
1899585,59,individual,16,1,0.835
1899585,59,tactical,3,0,0.0
1899585,60,individual,19,1,0.93
1899585,60,tactical,4,0,0.0
1899585,61,individual,19,1,0.91
1899585,61,tactical,3,0,0.0
1899585,62,individual,20,1,0.94
1899585,62,tactical,4,0,0.0
1899585,63,individual,17,1,0.83
1899585,63,tactical,5,0,0.025
1899585,64,individual,21,1,0.95
1899585,64,tactical,3,0,0.0
1899585,65,individual,22,1,0.975
1899585,65,tactical,7,1,0.19
1899585,66,individual,21,1,0.985
1899585,66,tactical,8,1,0.42
1899585,67,individual,18,1,0.97
1899585,67,tactical,8,0,0.355
1899585,68,individual,19,1,0.95
1899585,68,tactical,4,0,0.0
1899585,69,individual,19,1,0.935
1899585,69,tactical,6,0,0.18
1899585,70,individual,17,1,0.89
1899585,70,tactical,6,0,0.195
1899585,71,individual,18,1,0.965
1899585,71,tactical,7,0,0.27
1899585,72,individual,18,1,0.94
1899585,72,tactical,5,0,0.045
1899585,73,individual,18,1,0.92
1899585,73,tactical,4,0,0.03
1899585,74,individual,20,1,0.95
1899585,74,tactical,5,0,0.05
1899585,75,individual,20,1,0.975
1899585,75,tactical,3,0,0.0
1899585,76,individual,19,1,0.92
1899585,76,tactical,2,0,0.0
1899585,77,individual,21,1,0.975
1899585,77,tactical,6,0,0.13
1899585,78,individual,21,1,0.975
1899585,78,tactical,5,0,0.075
1899585,79,individual,21,1,0.965
1899585,79,tactical,7,0,0.275
1899585,80,individual,19,1,0.91
1899585,80,tactical,4,0,0.0
1899585,81,individual,17,1,0.775
1899585,81,tactical,3,0,0.0
1899585,82,individual,17,1,0.755
1899585,82,tactical,4,0,0.0
1899585,83,individual,21,0,0.985
1899585,83,tactical,6,0,0.14
1899585,84,individual,18,1,0.91
1899585,84,tactical,5,0,0.015
1899585,85,individual,9,1,0.41
1899585,85,tactical,5,0,0.05
1899585,86,individual,18,1,0.735
1899585,86,tactical,3,0,0.0
1899585,87,individual,20,1,0.96
1899585,87,tactical,8,1,0.39
1899585,88,individual,18,1,0.915
1899585,88,tactical,6,1,0.14
1899585,89,individual,20,1,0.975
1899585,89,tactical,7,1,0.19
1899585,90,individual,20,1,0.97
1899585,90,tactical,5,0,0.035
1899585,91,individual,21,1,0.975
1899585,91,tactical,6,0,0.165
1899585,92,individual,21,1,0.985
1899585,92,tactical,6,0,0.185
1899585,93,individual,20,1,0.965
1899585,93,tactical,4,0,0.0
1899585,94,individual,18,1,0.92
1899585,94,tactical,4,0,0.005
1899585,95,individual,20,1,0.93
1899585,95,tactical,6,1,0.105
1899585,96,individual,16,1,0.815
1899585,96,tactical,3,0,0.0
1899585,97,individual,20,1,0.98
1899585,97,tactical,6,1,0.09
1899585,98,individual,20,1,0.935
1899585,98,tactical,6,0,0.125
1899585,99,individual,20,1,0.955
1899585,99,tactical,6,0,0.095
1899585,100,individual,19,1,0.91
1899585,100,tactical,3,0,0.0
1899585,101,individual,18,1,0.825
1899585,101,tactical,3,0,0.0
1899585,102,individual,19,1,0.875
1899585,102,tactical,3,0,0.0
1899585,103,individual,18,1,0.865
1899585,103,tactical,5,0,0.025
1899585,104,individual,18,1,0.855
1899585,104,tactical,5,0,0.025
1899585,105,individual,19,1,0.95
1899585,105,tactical,6,0,0.19
1899585,106,individual,19,1,0.95
1899585,106,tactical,5,0,0.04
1899585,107,individual,21,1,0.975
1899585,107,tactical,7,0,0.165
1899585,108,individual,21,1,0.975
1899585,108,tactical,6,1,0.095
1899585,109,individual,19,1,0.955
1899585,109,tactical,5,1,0.075
1899585,110,individual,22,1,0.945
1899585,110,tactical,6,1,0.075
1899585,111,individual,18,1,0.935
1899585,111,tactical,4,0,0.02
1899585,112,individual,17,1,0.88
1899585,112,tactical,4,0,0.005
1899585,113,individual,17,1,0.865
1899585,113,tactical,4,0,0.01
1899585,114,individual,20,1,0.975
1899585,114,tactical,10,1,0.495
1899585,115,individual,21,1,0.95
1899585,115,tactical,3,0,0.0
1899585,116,individual,19,1,0.925
1899585,116,tactical,6,0,0.15
1899585,117,individual,18,1,0.86
1899585,117,tactical,3,0,0.0
1899585,118,individual,10,1,0.435
1899585,118,tactical,3,0,0.0
1899585,119,individual,17,1,0.83
1899585,119,tactical,3,0,0.0
1899585,120,individual,16,1,0.66
1899585,120,tactical,3,0,0.0
1899585,121,individual,22,1,0.965
1899585,121,tactical,5,0,0.045
1899585,122,individual,16,1,0.745
1899585,122,tactical,4,0,0.0
1899585,123,individual,20,1,0.93
1899585,123,tactical,3,0,0.0
1899585,124,individual,22,1,0.995
1899585,124,tactical,7,0,0.2
1899585,125,individual,22,1,0.97
1899585,125,tactical,6,0,0.08
1899585,126,individual,17,1,0.8
1899585,126,tactical,3,0,0.0
1899585,127,individual,22,1,0.995
1899585,127,tactical,8,1,0.3
1899585,128,individual,17,1,0.825
1899585,128,tactical,6,1,0.075
1899585,129,individual,19,1,0.945
1899585,129,tactical,6,0,0.1
1899585,130,individual,17,1,0.935
1899585,130,tactical,9,1,0.465
1899585,131,individual,22,1,0.99
1899585,131,tactical,7,0,0.255
1899585,132,individual,20,1,0.92
1899585,132,tactical,7,1,0.155
1899585,133,individual,20,1,0.945
1899585,133,tactical,6,1,0.085
1899585,134,individual,18,1,0.915
1899585,134,tactical,5,0,0.03
1899585,135,individual,21,1,0.98
1899585,135,tactical,5,0,0.05
1899585,136,individual,19,1,0.935
1899585,136,tactical,6,1,0.13
1899585,137,individual,20,1,0.97
1899585,137,tactical,9,1,0.41
1899585,138,individual,20,1,0.955
1899585,138,tactical,6,0,0.17
1899585,139,individual,20,1,0.955
1899585,139,tactical,5,0,0.045
1899585,140,individual,19,1,0.895
1899585,140,tactical,4,0,0.01
1899585,141,individual,21,1,0.975
1899585,141,tactical,6,0,0.14
1899585,142,individual,21,1,0.97
1899585,142,tactical,6,1,0.09
1899585,143,individual,19,1,0.915
1899585,143,tactical,4,0,0.005
1899585,144,individual,21,1,0.975
1899585,144,tactical,4,0,0.005
1899585,145,individual,21,1,0.97
1899585,145,tactical,7,1,0.19
1899585,146,individual,22,1,0.99
1899585,146,tactical,9,1,0.435
1899585,147,individual,20,1,0.96
1899585,147,tactical,10,1,0.53
1899585,148,individual,21,1,0.98
1899585,148,tactical,6,0,0.155
1899585,149,individual,20,1,0.97
1899585,149,tactical,6,0,0.14
1886347,0,individual,20,1,0.955
1886347,0,tactical,7,1,0.21
1886347,1,individual,21,1,0.975
1886347,1,tactical,4,0,0.0
1886347,2,individual,19,1,0.92
1886347,2,tactical,7,0,0.11
1886347,3,individual,20,1,0.93
1886347,3,tactical,5,1,0.045
1886347,4,individual,21,1,0.965
1886347,4,tactical,9,1,0.495
1886347,5,individual,20,1,0.97
1886347,5,tactical,5,0,0.03
1886347,6,individual,18,1,0.93
1886347,6,tactical,6,0,0.055
1886347,7,individual,20,1,0.98
1886347,7,tactical,5,0,0.055
1886347,8,individual,18,1,0.885
1886347,8,tactical,4,0,0.025
1886347,9,individual,17,1,0.89
1886347,9,tactical,4,0,0.0
1886347,10,individual,18,1,0.895
1886347,10,tactical,2,0,0.0
1886347,11,individual,19,1,0.96
1886347,11,tactical,4,0,0.025
1886347,12,individual,20,1,0.985
1886347,12,tactical,6,0,0.23
1886347,13,individual,20,1,0.95
1886347,13,tactical,4,0,0.005
1886347,14,individual,16,1,0.72
1886347,14,tactical,5,0,0.01
1886347,15,individual,20,1,0.91
1886347,15,tactical,4,0,0.0
1886347,16,individual,19,1,0.91
1886347,16,tactical,4,0,0.0
1886347,17,individual,19,1,0.955
1886347,17,tactical,5,0,0.085
1886347,18,individual,20,1,0.95
1886347,18,tactical,5,0,0.06
1886347,19,individual,21,1,0.975
1886347,19,tactical,7,0,0.23
1886347,20,individual,20,1,0.975
1886347,20,tactical,6,0,0.145
1886347,21,individual,19,1,0.97
1886347,21,tactical,6,0,0.185
1886347,22,individual,22,1,0.98
1886347,22,tactical,6,0,0.175
1886347,23,individual,19,1,0.965
1886347,23,tactical,5,0,0.025
1886347,24,individual,21,1,0.97
1886347,24,tactical,5,0,0.065
1886347,25,individual,22,1,0.98
1886347,25,tactical,6,0,0.22
1886347,26,individual,18,1,0.85
1886347,26,tactical,2,0,0.0
1886347,27,individual,17,1,0.865
1886347,27,tactical,3,0,0.0
1886347,28,individual,19,1,0.885
1886347,28,tactical,4,0,0.0
1886347,29,individual,17,1,0.865
1886347,29,tactical,5,0,0.025
1886347,30,individual,19,1,0.935
1886347,30,tactical,4,0,0.005
1886347,31,individual,19,1,0.96
1886347,31,tactical,6,0,0.1
1886347,32,individual,20,1,0.97
1886347,32,tactical,4,0,0.015
1886347,33,individual,20,1,0.98
1886347,33,tactical,5,0,0.06
1886347,34,individual,21,1,0.98
1886347,34,tactical,7,1,0.23
1886347,35,individual,18,1,0.91
1886347,35,tactical,5,0,0.015
1886347,36,individual,19,1,0.935
1886347,36,tactical,4,0,0.0
1886347,37,individual,19,1,0.98
1886347,37,tactical,7,0,0.175
1886347,38,individual,18,1,0.93
1886347,38,tactical,5,0,0.065
1886347,39,individual,19,1,0.905
1886347,39,tactical,4,0,0.0
1886347,40,individual,21,1,0.95
1886347,40,tactical,5,0,0.02
1886347,41,individual,22,1,0.98
1886347,41,tactical,6,0,0.17
1886347,42,individual,19,1,0.945
1886347,42,tactical,5,0,0.05
1886347,43,individual,18,1,0.85
1886347,43,tactical,3,0,0.0
1886347,44,individual,20,1,0.97
1886347,44,tactical,4,0,0.01
1886347,45,individual,20,1,0.965
1886347,45,tactical,4,0,0.005
1886347,46,individual,21,1,0.95
1886347,46,tactical,3,0,0.0
1886347,47,individual,20,1,0.95
1886347,47,tactical,6,1,0.125
1886347,48,individual,21,1,0.945
1886347,48,tactical,5,0,0.04
1886347,49,individual,18,1,0.885
1886347,49,tactical,4,0,0.005
1886347,50,individual,18,1,0.855
1886347,50,tactical,3,0,0.0
1886347,51,individual,22,1,0.915
1886347,51,tactical,3,0,0.0
1886347,52,individual,19,1,0.905
1886347,52,tactical,3,0,0.0
1886347,53,individual,18,1,0.91
1886347,53,tactical,3,0,0.0
1886347,54,individual,19,0,0.955
1886347,54,tactical,5,0,0.045
1886347,55,individual,22,1,0.97
1886347,55,tactical,4,0,0.0
1886347,56,individual,18,1,0.95
1886347,56,tactical,4,0,0.0
1886347,57,individual,20,1,0.975
1886347,57,tactical,5,0,0.03
1886347,58,individual,18,1,0.93
1886347,58,tactical,4,0,0.0
1886347,59,individual,22,1,0.98
1886347,59,tactical,5,1,0.065
1886347,60,individual,20,1,0.955
1886347,60,tactical,7,1,0.275
1886347,61,individual,19,1,0.96
1886347,61,tactical,8,1,0.35
1886347,62,individual,20,1,0.975
1886347,62,tactical,4,0,0.02
1886347,63,individual,21,1,0.975
1886347,63,tactical,5,0,0.07
1886347,64,individual,19,1,0.945
1886347,64,tactical,6,1,0.08
1886347,65,individual,19,1,0.925
1886347,65,tactical,6,1,0.05
1886347,66,individual,19,1,0.87
1886347,66,tactical,5,0,0.005
1886347,67,individual,22,1,0.965
1886347,67,tactical,5,0,0.05
1886347,68,individual,22,1,0.98
1886347,68,tactical,5,0,0.135
1886347,69,individual,19,1,0.94
1886347,69,tactical,4,0,0.005
1886347,70,individual,20,1,0.91
1886347,70,tactical,5,0,0.025
1886347,71,individual,11,0,0.465
1886347,71,tactical,3,0,0.0
1886347,72,individual,13,1,0.58
1886347,72,tactical,3,0,0.0
1886347,73,individual,16,1,0.835
1886347,73,tactical,3,0,0.0
1886347,74,individual,19,1,0.9
1886347,74,tactical,5,0,0.035
1886347,75,individual,20,1,0.95
1886347,75,tactical,6,0,0.05
1886347,76,individual,21,1,0.975
1886347,76,tactical,4,0,0.01
1886347,77,individual,18,1,0.92
1886347,77,tactical,5,0,0.03
1886347,78,individual,19,1,0.965
1886347,78,tactical,4,0,0.02
1886347,79,individual,18,1,0.965
1886347,79,tactical,6,0,0.13
1886347,80,individual,20,1,0.96
1886347,80,tactical,5,0,0.03
1886347,81,individual,22,1,0.99
1886347,81,tactical,3,0,0.0
1886347,82,individual,22,1,1.0
1886347,82,tactical,5,0,0.025
1886347,83,individual,21,1,0.97
1886347,83,tactical,5,0,0.025
1886347,84,individual,19,1,0.89
1886347,84,tactical,4,0,0.0
1886347,85,individual,22,1,0.965
1886347,85,tactical,5,0,0.02
1886347,86,individual,21,1,0.93
1886347,86,tactical,4,0,0.0
1886347,87,individual,22,1,0.975
1886347,87,tactical,5,0,0.09
1886347,88,individual,19,1,0.945
1886347,88,tactical,5,0,0.015
1886347,89,individual,20,1,0.97
1886347,89,tactical,5,0,0.015
1886347,90,individual,18,1,0.945
1886347,90,tactical,4,0,0.0
1886347,91,individual,20,1,0.965
1886347,91,tactical,4,0,0.0
1886347,92,individual,19,1,0.94
1886347,92,tactical,6,0,0.145
1886347,93,individual,19,1,0.92
1886347,93,tactical,5,0,0.07
1886347,94,individual,20,1,0.95
1886347,94,tactical,3,0,0.0
1886347,95,individual,19,1,0.885
1886347,95,tactical,4,0,0.005
1886347,96,individual,21,1,0.985
1886347,96,tactical,6,1,0.1
1886347,97,individual,22,1,0.97
1886347,97,tactical,5,0,0.085
1886347,98,individual,19,1,0.935
1886347,98,tactical,7,1,0.205
1886347,99,individual,20,1,0.93
1886347,99,tactical,4,0,0.005
1886347,100,individual,19,1,0.925
1886347,100,tactical,4,0,0.0
1886347,101,individual,21,1,0.985
1886347,101,tactical,8,0,0.39
1886347,102,individual,20,1,0.96
1886347,102,tactical,5,0,0.055
1886347,103,individual,18,1,0.855
1886347,103,tactical,3,0,0.0
1886347,104,individual,22,1,0.985
1886347,104,tactical,6,0,0.085
1886347,105,individual,16,1,0.87
1886347,105,tactical,7,1,0.245
1886347,106,individual,22,1,0.95
1886347,106,tactical,7,0,0.16
1886347,107,individual,19,1,0.87
1886347,107,tactical,3,0,0.0
1886347,108,individual,19,1,0.935
1886347,108,tactical,5,1,0.04
1886347,109,individual,20,1,0.955
1886347,109,tactical,5,0,0.015
1886347,110,individual,20,1,0.95
1886347,110,tactical,7,0,0.255
1886347,111,individual,20,1,0.975
1886347,111,tactical,5,0,0.09
1886347,112,individual,19,1,0.945
1886347,112,tactical,4,0,0.0
1886347,113,individual,20,1,0.93
1886347,113,tactical,3,0,0.0
1886347,114,individual,22,1,0.975
1886347,114,tactical,3,0,0.0
1886347,115,individual,19,1,0.955
1886347,115,tactical,5,0,0.03
1886347,116,individual,20,1,0.95
1886347,116,tactical,5,1,0.075
1886347,117,individual,18,1,0.835
1886347,117,tactical,2,0,0.0
1886347,118,individual,11,0,0.595
1886347,118,tactical,3,0,0.0
1886347,119,individual,8,0,0.26
1886347,119,tactical,3,0,0.0
1886347,120,individual,13,1,0.64
1886347,120,tactical,3,0,0.0
1886347,121,individual,14,1,0.705
1886347,121,tactical,3,0,0.0
1886347,122,individual,19,1,0.935
1886347,122,tactical,5,0,0.045
1886347,123,individual,22,1,0.985
1886347,123,tactical,5,0,0.03
1886347,124,individual,19,1,0.975
1886347,124,tactical,4,0,0.02
1886347,125,individual,21,1,0.955
1886347,125,tactical,5,0,0.025
1886347,126,individual,19,1,0.93
1886347,126,tactical,6,0,0.125
1886347,127,individual,21,1,0.96
1886347,127,tactical,9,0,0.27
1886347,128,individual,21,1,0.995
1886347,128,tactical,4,0,0.01
1886347,129,individual,22,1,0.965
1886347,129,tactical,3,0,0.0
1886347,130,individual,21,1,0.975
1886347,130,tactical,5,1,0.105
1886347,131,individual,20,1,0.98
1886347,131,tactical,6,1,0.17
1886347,132,individual,22,1,0.97
1886347,132,tactical,6,0,0.125
1886347,133,individual,20,0,0.975
1886347,133,tactical,4,0,0.0
1886347,134,individual,21,1,0.985
1886347,134,tactical,4,0,0.005
1886347,135,individual,19,1,0.96
1886347,135,tactical,5,0,0.01
1886347,136,individual,19,1,0.805
1886347,136,tactical,3,0,0.0
1886347,137,individual,16,1,0.845
1886347,137,tactical,2,0,0.0
1886347,138,individual,12,1,0.555
1886347,138,tactical,4,0,0.005
1886347,139,individual,13,0,0.575
1886347,139,tactical,3,0,0.0
1886347,140,individual,17,0,0.85
1886347,140,tactical,2,0,0.0
1886347,141,individual,19,1,0.895
1886347,141,tactical,3,0,0.0
1886347,142,individual,19,1,0.94
1886347,142,tactical,7,1,0.275
1886347,143,individual,19,1,0.935
1886347,143,tactical,3,0,0.0
1886347,144,individual,21,1,0.96
1886347,144,tactical,6,0,0.015
1886347,145,individual,20,1,0.97
1886347,145,tactical,5,0,0.105
1886347,146,individual,20,1,0.95
1886347,146,tactical,3,0,0.0
1886347,147,individual,20,1,0.935
1886347,147,tactical,4,0,0.025
1886347,148,individual,18,1,0.91
1886347,148,tactical,3,0,0.0
1886347,149,individual,21,1,0.975
1886347,149,tactical,4,0,0.02
