frame_idx,period,timestamp,n_players,h0_individual,h1_individual,n_centroids_individual,max_filt_individual,mean_pers_individual,max_pers_individual,total_pers_individual,h0_tactical,h1_tactical,n_centroids_tactical,max_filt_tactical,mean_pers_tactical,max_pers_tactical,total_pers_tactical,h0_team,h1_team,n_centroids_team,max_filt_team,mean_pers_team,max_pers_team,total_pers_team
0,1,0.0,22,20,3,20,30.94,1.246,2.0337,3.738,4,0,4,48.06,0.0,0.0,0.0,0,0,1,60.0,0.0,0.0,0.0
1,1,0.0,22,17,3,17,24.24,1.0279,2.2737,3.0838,3,0,3,63.64,0.0,0.0,0.0,2,0,2,60.0,0.0,0.0,0.0
2,1,0.0,22,19,4,19,39.75,3.7892,4.9868,15.1568,5,0,5,56.51,0.0,0.0,0.0,2,0,2,60.0,0.0,0.0,0.0
3,1,1.0,22,20,5,20,32.99,2.7129,8.4635,13.5643,3,0,3,61.95,0.0,0.0,0.0,0,0,1,60.0,0.0,0.0,0.0
4,1,1.0,22,19,4,19,32.01,1.3064,2.2441,5.2256,4,0,4,51.02,0.0,0.0,0.0,2,0,2,60.0,0.0,0.0,0.0
5,1,2.0,22,18,4,18,28.79,1.1939,2.9309,4.7754,2,0,2,54.7,0.0,0.0,0.0,2,0,2,60.0,0.0,0.0,0.0
6,1,2.0,22,18,1,18,35.52,2.4657,2.4657,2.4657,5,0,5,48.34,0.0,0.0,0.0,2,0,2,60.0,0.0,0.0,0.0
7,1,3.0,22,18,0,18,29.35,0.0,0.0,0.0,4,0,4,49.56,0.0,0.0,0.0,2,0,2,60.0,0.0,0.0,0.0
8,1,3.0,22,16,1,16,25.88,2.1069,2.1069,2.1069,4,0,4,48.28,0.0,0.0,0.0,0,0,1,60.0,0.0,0.0,0.0
9,1,4.0,22,20,2,20,32.92,2.6289,2.8115,5.2579,3,0,3,53.25,0.0,0.0,0.0,2,0,2,60.0,0.0,0.0,0.0
10,1,5.0,22,15,2,15,30.23,0.5695,0.7847,1.139,3,0,3,47.83,0.0,0.0,0.0,2,0,2,60.0,0.0,0.0,0.0
11,1,6.0,22,21,1,21,36.02,1.2853,1.2853,1.2853,5,0,5,56.07,0.0,0.0,0.0,0,0,1,60.0,0.0,0.0,0.0
12,1,6.0,22,21,2,21,32.71,2.0274,2.2367,4.0547,6,0,6,53.35,0.0,0.0,0.0,0,0,1,60.0,0.0,0.0,0.0
13,1,7.0,22,20,5,20,33.76,1.4546,5.1468,7.2732,4,0,4,38.78,0.0,0.0,0.0,0,0,1,60.0,0.0,0.0,0.0
14,1,7.0,22,19,4,19,31.24,0.8408,2.0152,3.3633,6,0,6,43.17,0.0,0.0,0.0,0,0,1,60.0,0.0,0.0,0.0
15,1,8.0,22,20,3,20,36.51,1.7379,4.6321,5.2137,4,0,4,46.17,0.0,0.0,0.0,0,0,1,60.0,0.0,0.0,0.0
16,1,8.0,22,20,2,20,32.8,1.8278,1.8935,3.6555,5,0,5,48.03,0.0,0.0,0.0,0,0,1,60.0,0.0,0.0,0.0
17,1,9.0,22,9,0,9,37.57,0.0,0.0,0.0,4,0,4,57.18,0.0,0.0,0.0,2,0,2,60.0,0.0,0.0,0.0
18,1,10.0,22,20,1,20,34.68,4.7745,4.7745,4.7745,6,0,6,40.46,0.0,0.0,0.0,0,0,1,60.0,0.0,0.0,0.0
19,1,10.0,22,21,4,21,39.88,2.8693,3.6466,11.4773,9,1,9,46.93,2.7504,2.7504,2.7504,0,0,1,60.0,0.0,0.0,0.0
20,1,11.0,22,16,4,16,31.33,1.4105,4.511,5.6419,4,0,4,45.4,0.0,0.0,0.0,0,0,1,60.0,0.0,0.0,0.0
21,1,11.0,22,21,3,21,40.47,1.6792,3.3337,5.0375,6,0,6,54.17,0.0,0.0,0.0,0,0,1,60.0,0.0,0.0,0.0
22,1,12.0,22,20,2,20,33.96,3.226,4.4321,6.452,4,0,4,49.03,0.0,0.0,0.0,2,0,2,60.0,0.0,0.0,0.0
23,1,12.0,22,20,5,20,35.12,1.1612,2.0174,5.8059,4,0,4,51.91,0.0,0.0,0.0,0,0,1,60.0,0.0,0.0,0.0
24,1,13.0,22,18,2,18,31.85,1.0899,1.9705,2.1798,4,0,4,48.87,0.0,0.0,0.0,0,0,1,60.0,0.0,0.0,0.0
25,1,13.0,22,17,1,17,34.25,0.4949,0.4949,0.4949,4,0,4,46.31,0.0,0.0,0.0,0,0,1,60.0,0.0,0.0,0.0
26,1,14.0,22,21,1,21,33.0,2.8532,2.8532,2.8532,5,1,5,43.63,2.9422,2.9422,2.9422,0,0,1,60.0,0.0,0.0,0.0
27,1,14.0,22,20,3,20,34.5,3.1343,4.2489,9.4028,4,0,4,52.55,0.0,0.0,0.0,0,0,1,60.0,0.0,0.0,0.0
28,1,15.0,22,20,3,20,33.25,1.8985,2.0815,5.6955,4,0,4,52.21,0.0,0.0,0.0,0,0,1,60.0,0.0,0.0,0.0
29,1,15.0,22,19,3,19,29.67,1.0921,1.858,3.2762,5,0,5,48.32,0.0,0.0,0.0,2,0,2,60.0,0.0,0.0,0.0
30,1,16.0,22,20,3,20,36.39,2.2817,4.0814,6.8451,6,1,6,50.3,0.2359,0.2359,0.2359,0,0,1,60.0,0.0,0.0,0.0
31,1,16.0,22,19,1,19,33.91,0.747,0.747,0.747,3,0,3,50.09,0.0,0.0,0.0,2,0,2,60.47,0.0,0.0,0.0
32,1,17.0,22,21,2,21,39.21,3.0714,4.1201,6.1427,6,1,6,43.19,4.4261,4.4261,4.4261,2,0,2,60.0,0.0,0.0,0.0
33,1,18.0,22,13,1,13,34.53,2.4452,2.4452,2.4452,5,0,5,50.61,0.0,0.0,0.0,0,0,1,60.0,0.0,0.0,0.0
34,1,18.0,22,21,3,21,41.92,0.6744,1.1513,2.0231,8,0,8,52.72,0.0,0.0,0.0,2,0,2,60.0,0.0,0.0,0.0
35,1,19.0,22,20,3,20,33.5,1.7201,3.2206,5.1603,4,0,4,48.14,0.0,0.0,0.0,0,0,1,60.0,0.0,0.0,0.0
36,1,19.0,22,19,3,19,35.79,2.2858,4.1403,6.8575,7,1,7,49.17,2.1316,2.1316,2.1316,0,0,1,60.0,0.0,0.0,0.0
37,1,20.0,22,19,4,19,34.11,1.5983,2.7606,6.3933,6,0,6,54.03,0.0,0.0,0.0,0,0,1,60.0,0.0,0.0,0.0
38,1,20.0,22,20,2,20,34.77,1.3291,1.3518,2.6582,5,0,5,47.88,0.0,0.0,0.0,0,0,1,60.0,0.0,0.0,0.0
39,1,21.0,22,18,4,18,38.74,1.9859,3.8941,7.9437,6,0,6,53.7,0.0,0.0,0.0,2,0,2,60.0,0.0,0.0,0.0
40,1,22.0,22,19,1,19,34.74,0.3739,0.3739,0.3739,4,0,4,43.51,0.0,0.0,0.0,0,0,1,60.0,0.0,0.0,0.0
41,1,23.0,22,16,1,16,31.46,3.5243,3.5243,3.5243,4,0,4,48.73,0.0,0.0,0.0,2,0,2,60.0,0.0,0.0,0.0
42,1,23.0,22,19,2,19,39.02,4.2092,4.3506,8.4185,8,1,8,49.65,2.965,2.965,2.965,0,0,1,60.0,0.0,0.0,0.0
43,1,24.0,22,13,2,13,34.61,0.6129,0.8591,1.2259,4,0,4,57.12,0.0,0.0,0.0,2,0,2,60.0,0.0,0.0,0.0
44,1,25.0,22,21,5,21,41.2,1.1992,2.4825,5.9959,9,1,9,46.0,9.0605,9.0605,9.0605,2,0,2,60.0,0.0,0.0,0.0
45,1,25.0,22,21,2,21,35.91,4.2389,4.7794,8.4778,6,0,6,53.41,0.0,0.0,0.0,0,0,1,60.0,0.0,0.0,0.0
46,1,26.0,22,20,5,20,35.38,0.9836,2.6677,4.9182,4,0,4,48.69,0.0,0.0,0.0,0,0,1,60.0,0.0,0.0,0.0
47,1,27.0,22,10,0,10,39.1,0.0,0.0,0.0,4,0,4,58.58,0.0,0.0,0.0,2,0,2,60.14,0.0,0.0,0.0
48,1,27.0,22,22,3,22,38.98,0.8894,1.9458,2.6682,6,1,6,47.1,1.0982,1.0982,1.0982,2,0,2,60.0,0.0,0.0,0.0
49,1,28.0,22,22,7,22,41.7,1.6485,5.1756,11.5393,9,2,9,44.19,1.6773,2.3334,3.3545,0,0,1,60.0,0.0,0.0,0.0
50,1,28.0,22,21,4,21,34.11,1.3461,3.0289,5.3844,5,0,5,57.99,0.0,0.0,0.0,0,0,1,60.0,0.0,0.0,0.0
51,1,29.0,22,22,4,22,41.41,1.7159,4.2662,6.8638,4,0,4,45.0,0.0,0.0,0.0,2,0,2,60.0,0.0,0.0,0.0
52,1,30.0,22,17,2,17,32.55,1.0822,1.1237,2.1645,4,0,4,48.38,0.0,0.0,0.0,0,0,1,60.0,0.0,0.0,0.0
53,1,30.0,22,18,2,18,31.91,2.3088,3.9148,4.6176,3,0,3,52.81,0.0,0.0,0.0,2,0,2,60.0,0.0,0.0,0.0
54,1,31.0,22,19,4,19,39.44,2.4291,5.701,9.7163,8,0,8,41.95,0.0,0.0,0.0,2,0,2,60.0,0.0,0.0,0.0
55,1,32.0,22,17,3,17,28.01,2.6405,2.9223,7.9214,4,0,4,37.96,0.0,0.0,0.0,0,0,1,60.0,0.0,0.0,0.0
56,1,33.0,22,19,3,19,37.02,2.356,3.2306,7.0681,4,0,4,58.75,0.0,0.0,0.0,2,0,2,60.0,0.0,0.0,0.0
57,1,33.0,22,20,3,20,32.56,2.2933,4.2549,6.8798,3,0,3,40.78,0.0,0.0,0.0,0,0,1,60.0,0.0,0.0,0.0
58,1,33.0,22,18,1,18,27.18,0.9949,0.9949,0.9949,3,0,3,46.9,0.0,0.0,0.0,2,0,2,61.03,0.0,0.0,0.0
59,1,34.0,22,19,3,19,35.6,1.9769,3.3797,5.9308,3,0,3,58.07,0.0,0.0,0.0,0,0,1,60.0,0.0,0.0,0.0
60,1,34.0,22,19,1,19,34.65,2.8343,2.8343,2.8343,7,0,7,47.95,0.0,0.0,0.0,2,0,2,60.0,0.0,0.0,0.0
61,1,35.0,22,21,4,21,42.23,2.4916,6.5579,9.9666,7,0,7,42.14,0.0,0.0,0.0,0,0,1,60.0,0.0,0.0,0.0
62,1,36.0,22,22,2,22,39.31,3.3005,5.771,6.6009,5,0,5,60.28,0.0,0.0,0.0,0,0,1,60.0,0.0,0.0,0.0
63,1,37.0,22,21,2,21,37.07,2.2255,3.8928,4.451,6,0,6,48.71,0.0,0.0,0.0,2,0,2,60.0,0.0,0.0,0.0
64,1,37.0,22,20,2,20,38.37,2.0994,2.2688,4.1987,7,0,7,43.55,0.0,0.0,0.0,0,0,1,60.0,0.0,0.0,0.0
65,1,38.0,22,18,1,18,32.33,0.8882,0.8882,0.8882,3,0,3,43.0,0.0,0.0,0.0,0,0,1,60.0,0.0,0.0,0.0
66,1,39.0,22,20,2,20,37.73,2.1216,3.0594,4.2432,5,0,5,52.05,0.0,0.0,0.0,2,0,2,60.0,0.0,0.0,0.0
67,1,39.0,22,21,3,21,36.47,1.5899,2.9355,4.7698,3,0,3,54.2,0.0,0.0,0.0,0,0,1,60.0,0.0,0.0,0.0
68,1,40.0,22,19,1,19,31.13,2.4232,2.4232,2.4232,5,0,5,51.85,0.0,0.0,0.0,2,0,2,60.0,0.0,0.0,0.0
69,1,40.0,22,22,2,22,33.38,1.0898,1.6476,2.1797,3,0,3,41.86,0.0,0.0,0.0,0,0,1,60.0,0.0,0.0,0.0
70,1,41.0,22,17,3,17,29.52,0.4993,0.6828,1.4979,3,0,3,39.41,0.0,0.0,0.0,0,0,1,60.0,0.0,0.0,0.0
71,1,42.0,22,16,0,16,31.44,0.0,0.0,0.0,3,0,3,43.34,0.0,0.0,0.0,0,0,1,60.0,0.0,0.0,0.0
72,1,43.0,22,20,3,20,36.44,2.0784,4.2586,6.2352,6,0,6,53.01,0.0,0.0,0.0,0,0,1,60.0,0.0,0.0,0.0
73,1,43.0,22,20,3,20,33.86,1.0169,2.5545,3.0508,2,0,2,57.71,0.0,0.0,0.0,2,0,2,60.0,0.0,0.0,0.0
74,1,44.0,22,21,4,21,34.05,1.4681,2.9375,5.8723,4,0,4,55.34,0.0,0.0,0.0,0,0,1,60.0,0.0,0.0,0.0
75,1,45.0,22,18,2,18,26.33,1.1353,1.8142,2.2707,3,0,3,50.79,0.0,0.0,0.0,2,0,2,65.05,0.0,0.0,0.0
76,1,46.0,22,21,3,21,39.76,3.261,6.2445,9.7831,9,1,9,45.66,0.3634,0.3634,0.3634,0,0,1,60.0,0.0,0.0,0.0
77,1,46.0,22,18,2,18,31.91,0.488,0.5909,0.9759,4,0,4,57.44,0.0,0.0,0.0,2,0,2,60.0,0.0,0.0,0.0
78,2,46.0,22,20,3,20,32.64,1.0476,2.7991,3.1429,5,0,5,52.9,0.0,0.0,0.0,0,0,1,60.0,0.0,0.0,0.0
79,2,46.0,22,21,4,21,29.31,0.7148,1.4541,2.8592,4,0,4,43.3,0.0,0.0,0.0,0,0,1,60.0,0.0,0.0,0.0
80,2,47.0,22,15,1,15,30.94,0.54,0.54,0.54,4,0,4,54.63,0.0,0.0,0.0,2,0,2,60.0,0.0,0.0,0.0
81,2,48.0,22,20,4,20,37.63,2.3639,4.1961,9.4557,5,0,5,38.41,0.0,0.0,0.0,0,0,1,60.0,0.0,0.0,0.0
82,2,48.0,22,22,1,22,36.55,0.2798,0.2798,0.2798,4,0,4,48.76,0.0,0.0,0.0,0,0,1,60.0,0.0,0.0,0.0
83,2,50.0,22,17,2,17,32.27,1.6696,2.6402,3.3391,5,0,5,53.34,0.0,0.0,0.0,2,0,2,60.0,0.0,0.0,0.0
84,2,50.0,22,18,3,18,39.3,3.2828,7.4206,9.8485,8,1,8,39.27,4.5884,4.5884,4.5884,0,0,1,60.0,0.0,0.0,0.0
85,2,51.0,22,20,3,20,34.43,1.9045,3.08,5.7136,3,0,3,49.75,0.0,0.0,0.0,2,0,2,60.0,0.0,0.0,0.0
86,2,52.0,22,19,3,19,37.32,2.1242,4.2497,6.3726,5,0,5,50.61,0.0,0.0,0.0,0,0,1,60.0,0.0,0.0,0.0
87,2,53.0,22,19,2,19,31.26,1.5912,2.1877,3.1824,3,0,3,48.32,0.0,0.0,0.0,2,0,2,61.07,0.0,0.0,0.0
88,2,53.0,22,10,1,10,35.42,1.3055,1.3055,1.3055,4,0,4,56.33,0.0,0.0,0.0,2,0,2,60.0,0.0,0.0,0.0
89,2,54.0,22,20,2,20,31.82,2.3456,4.0367,4.6912,3,0,3,61.63,0.0,0.0,0.0,2,0,2,60.0,0.0,0.0,0.0
90,2,55.0,22,21,2,21,35.71,4.8513,8.9049,9.7026,4,0,4,50.13,0.0,0.0,0.0,2,0,2,60.0,0.0,0.0,0.0
91,2,55.0,22,21,3,21,37.78,3.0155,5.3223,9.0466,6,0,6,44.07,0.0,0.0,0.0,0,0,1,60.0,0.0,0.0,0.0
92,2,56.0,22,20,4,20,36.49,1.0084,2.1825,4.0337,4,0,4,45.67,0.0,0.0,0.0,0,0,1,60.0,0.0,0.0,0.0
93,2,56.0,22,21,2,21,32.71,3.2809,3.8824,6.5617,5,0,5,45.75,0.0,0.0,0.0,0,0,1,60.0,0.0,0.0,0.0
94,2,57.0,22,19,4,19,31.81,1.7529,2.5099,7.0115,4,0,4,53.39,0.0,0.0,0.0,2,0,2,60.0,0.0,0.0,0.0
95,2,58.0,22,20,4,20,36.79,2.2457,6.5403,8.9827,7,1,7,49.12,9.9417,9.9417,9.9417,2,0,2,60.0,0.0,0.0,0.0
96,2,59.0,22,20,2,20,41.87,5.4113,8.2375,10.8227,6,0,6,45.49,0.0,0.0,0.0,2,0,2,60.0,0.0,0.0,0.0
97,2,59.0,22,22,2,22,40.85,3.2479,3.9046,6.4957,8,1,8,47.83,10.7708,10.7708,10.7708,2,0,2,60.0,0.0,0.0,0.0
98,2,60.0,22,22,2,22,40.82,2.728,4.7289,5.4561,10,2,10,48.6,2.7684,4.4141,5.5368,0,0,1,60.0,0.0,0.0,0.0
99,2,61.0,22,10,0,10,38.1,0.0,0.0,0.0,3,0,3,47.59,0.0,0.0,0.0,2,0,2,60.0,0.0,0.0,0.0
100,2,61.0,22,20,2,20,43.35,6.1861,6.26,12.3722,8,1,8,53.57,2.678,2.678,2.678,2,0,2,60.0,0.0,0.0,0.0
101,2,62.0,22,17,1,17,31.1,1.8821,1.8821,1.8821,4,0,4,56.51,0.0,0.0,0.0,2,0,2,60.0,0.0,0.0,0.0
102,2,62.0,22,19,4,19,37.58,1.0911,2.4836,4.3643,6,0,6,46.21,0.0,0.0,0.0,0,0,1,60.0,0.0,0.0,0.0
103,2,63.0,22,20,4,20,33.86,2.0235,4.8926,8.0942,6,0,6,47.88,0.0,0.0,0.0,0,0,1,60.0,0.0,0.0,0.0
104,2,64.0,22,17,1,17,27.25,1.9894,1.9894,1.9894,2,0,2,48.37,0.0,0.0,0.0,0,0,1,60.0,0.0,0.0,0.0
105,2,64.0,22,22,3,22,36.6,2.243,3.7134,6.7291,5,0,5,54.09,0.0,0.0,0.0,0,0,1,60.0,0.0,0.0,0.0
106,2,65.0,22,20,4,20,29.01,0.8505,1.6991,3.4021,4,0,4,63.42,0.0,0.0,0.0,2,0,2,60.0,0.0,0.0,0.0
107,2,65.0,22,18,2,18,28.88,0.4803,0.7075,0.9605,4,0,4,52.74,0.0,0.0,0.0,0,0,1,60.0,0.0,0.0,0.0
108,2,66.0,22,20,1,20,33.18,2.6648,2.6648,2.6648,4,0,4,47.01,0.0,0.0,0.0,0,0,1,60.0,0.0,0.0,0.0
109,2,66.0,22,18,2,18,36.04,2.0212,2.7779,4.0424,4,0,4,48.44,0.0,0.0,0.0,0,0,1,60.0,0.0,0.0,0.0
110,2,67.0,22,15,0,15,33.91,0.0,0.0,0.0,4,0,4,44.3,0.0,0.0,0.0,2,0,2,60.0,0.0,0.0,0.0
111,2,68.0,22,11,0,11,38.32,0.0,0.0,0.0,4,0,4,59.01,0.0,0.0,0.0,0,0,1,60.0,0.0,0.0,0.0
112,2,68.0,22,21,1,21,42.15,0.2026,0.2026,0.2026,3,0,3,55.72,0.0,0.0,0.0,2,0,2,60.0,0.0,0.0,0.0
113,2,69.0,22,19,5,19,36.09,2.394,4.4636,11.97,6,0,6,48.07,0.0,0.0,0.0,0,0,1,60.0,0.0,0.0,0.0
114,2,70.0,22,21,2,21,40.1,2.4983,2.6772,4.9966,5,0,5,46.19,0.0,0.0,0.0,0,0,1,60.0,0.0,0.0,0.0
115,2,71.0,22,19,2,19,31.47,0.9839,1.8672,1.9679,4,0,4,50.35,0.0,0.0,0.0,0,0,1,60.0,0.0,0.0,0.0
116,2,71.0,22,21,4,21,36.77,2.3219,3.5676,9.2877,5,0,5,44.6,0.0,0.0,0.0,0,0,1,60.0,0.0,0.0,0.0
117,2,72.0,22,22,3,22,36.31,2.0065,3.9835,6.0196,6,0,6,51.71,0.0,0.0,0.0,0,0,1,60.0,0.0,0.0,0.0
118,2,72.0,22,20,4,20,33.29,0.6874,1.3463,2.7496,4,0,4,55.72,0.0,0.0,0.0,2,0,2,60.0,0.0,0.0,0.0
119,2,73.0,22,20,4,20,33.9,1.6471,4.2378,6.5886,4,0,4,59.85,0.0,0.0,0.0,2,0,2,60.0,0.0,0.0,0.0
120,2,73.0,22,19,1,19,37.34,1.5247,1.5247,1.5247,5,0,5,46.95,0.0,0.0,0.0,2,0,2,62.18,0.0,0.0,0.0
121,2,74.0,22,19,2,19,37.95,0.3901,0.5229,0.7803,3,0,3,60.42,0.0,0.0,0.0,2,0,2,65.33,0.0,0.0,0.0
122,2,76.0,22,20,4,20,33.61,1.9186,3.5861,7.6743,4,0,4,54.13,0.0,0.0,0.0,2,0,2,60.0,0.0,0.0,0.0
123,2,77.0,22,13,1,13,33.33,1.0147,1.0147,1.0147,4,0,4,58.17,0.0,0.0,0.0,2,0,2,62.31,0.0,0.0,0.0
124,2,77.0,22,20,2,20,32.3,2.6594,3.9768,5.3189,5,0,5,50.1,0.0,0.0,0.0,2,0,2,60.0,0.0,0.0,0.0
125,2,78.0,22,18,2,18,35.42,3.2895,3.66,6.579,5,0,5,47.25,0.0,0.0,0.0,0,0,1,60.0,0.0,0.0,0.0
126,2,78.0,22,21,3,21,36.88,1.2479,2.3195,3.7438,7,0,7,55.46,0.0,0.0,0.0,0,0,1,60.0,0.0,0.0,0.0
127,2,79.0,22,20,3,20,34.73,2.3029,3.4218,6.9088,4,0,4,49.54,0.0,0.0,0.0,0,0,1,60.0,0.0,0.0,0.0
128,2,79.0,22,19,4,19,34.91,2.3995,3.4719,9.5981,4,0,4,50.18,0.0,0.0,0.0,0,0,1,60.0,0.0,0.0,0.0
129,2,80.0,22,21,2,21,34.6,3.4715,6.6478,6.9429,7,1,7,44.03,3.3344,3.3344,3.3344,0,0,1,60.0,0.0,0.0,0.0
130,2,80.0,22,18,3,18,28.87,2.5835,3.6919,7.7506,6,0,6,45.04,0.0,0.0,0.0,2,0,2,60.0,0.0,0.0,0.0
131,2,81.0,22,18,3,18,34.07,2.1913,2.4448,6.5739,3,0,3,65.42,0.0,0.0,0.0,2,0,2,60.0,0.0,0.0,0.0
132,2,82.0,22,19,4,19,39.66,1.4163,3.1857,5.6651,6,1,6,50.77,4.9765,4.9765,4.9765,0,0,1,60.0,0.0,0.0,0.0
133,2,82.0,22,20,2,20,30.43,4.0802,5.3962,8.1605,3,0,3,52.94,0.0,0.0,0.0,2,0,2,61.27,0.0,0.0,0.0
134,2,84.0,22,22,3,22,33.04,1.2038,1.4001,3.6113,5,0,5,52.18,0.0,0.0,0.0,0,0,1,60.0,0.0,0.0,0.0
135,2,85.0,22,21,1,21,35.21,2.565,2.565,2.565,5,0,5,48.73,0.0,0.0,0.0,0,0,1,60.0,0.0,0.0,0.0
136,2,85.0,22,21,2,21,38.85,1.3121,2.6071,2.6241,5,0,5,55.85,0.0,0.0,0.0,2,0,2,60.0,0.0,0.0,0.0
137,2,86.0,22,17,4,17,25.08,0.3554,0.695,1.4216,3,0,3,63.81,0.0,0.0,0.0,2,0,2,60.0,0.0,0.0,0.0
138,2,86.0,22,19,4,19,35.83,1.8803,4.1249,7.5213,7,0,7,45.61,0.0,0.0,0.0,0,0,1,60.0,0.0,0.0,0.0
139,2,87.0,22,19,2,19,32.7,0.5249,0.8177,1.0498,5,0,5,49.1,0.0,0.0,0.0,2,0,2,60.0,0.0,0.0,0.0
140,2,87.0,22,19,3,19,33.39,2.8803,5.381,8.6408,4,0,4,41.75,0.0,0.0,0.0,2,0,2,60.0,0.0,0.0,0.0
141,2,88.0,22,20,2,20,34.65,6.5693,12.991,13.1385,5,0,5,44.74,0.0,0.0,0.0,0,0,1,60.0,0.0,0.0,0.0
142,2,88.0,22,19,3,19,35.52,2.1636,4.1437,6.4907,4,0,4,38.33,0.0,0.0,0.0,0,0,1,60.0,0.0,0.0,0.0
143,2,89.0,22,20,2,20,32.08,2.3258,2.9805,4.6516,3,0,3,61.19,0.0,0.0,0.0,0,0,1,60.0,0.0,0.0,0.0
144,2,90.0,22,17,2,17,30.54,0.5065,0.6709,1.013,2,0,2,55.12,0.0,0.0,0.0,2,0,2,60.0,0.0,0.0,0.0
145,2,91.0,22,17,3,17,30.04,2.3155,6.4996,6.9464,3,0,3,64.76,0.0,0.0,0.0,2,0,2,60.0,0.0,0.0,0.0
146,2,91.0,22,19,2,19,38.71,2.4306,3.1175,4.8613,4,0,4,54.6,0.0,0.0,0.0,0,0,1,60.0,0.0,0.0,0.0
147,2,92.0,22,21,4,21,36.87,1.2036,3.1721,4.8142,6,0,6,47.58,0.0,0.0,0.0,0,0,1,60.0,0.0,0.0,0.0
148,2,93.0,22,20,2,20,38.65,1.736,3.1442,3.472,6,1,6,54.28,2.6658,2.6658,2.6658,2,0,2,60.0,0.0,0.0,0.0
149,2,93.0,22,20,3,20,37.09,1.4271,3.5181,4.2814,7,1,7,53.16,2.7769,2.7769,2.7769,0,0,1,60.0,0.0,0.0,0.0
