match_id,delta,mean_h0,std_h0,p_k_ge_4,n_frames
1996435,0.25,21.981634527089074,0.13598369099814908,1.0,4356
1996435,0.5,21.919421487603305,0.29644543320429684,1.0,4356
1996435,0.75,21.80394857667585,0.4985794019888165,1.0,4356
1996435,1.0,21.622130394857667,0.7260965625351142,1.0,4356
1996435,1.25,21.384986225895318,0.9889606622833235,1.0,4356
1996435,1.5,21.104683195592287,1.2349915948909072,1.0,4356
1996435,1.75,20.79729109274564,1.4611704440502067,1.0,4356
1996435,2.0,20.463728191000918,1.6812103407707837,1.0,4356
1996435,2.25,20.125114784205692,1.8745263430882424,1.0,4356
1996435,2.5,19.767676767676768,2.058885639810052,1.0,4356
1996435,2.75,19.385215794306703,2.234352807363565,1.0,4356
1996435,3.0,18.986685032139576,2.397531630190607,1.0,4356
1996435,3.25,18.57943067033976,2.545634789999475,1.0,4356
1996435,3.5,18.158172635445364,2.6734231831976802,1.0,4356
1996435,3.75,17.745638200183656,2.7722657582144654,1.0,4356
1996435,4.0,17.310146923783286,2.8648065038446213,1.0,4356
1996435,4.25,16.855371900826448,2.943200703028176,1.0,4356
1996435,4.5,16.41046831955923,3.0042481458500427,1.0,4356
1996435,4.75,15.959825528007347,3.073607866941512,1.0,4356
1996435,5.0,15.531910009182736,3.112013849130668,1.0,4356
1996435,5.25,15.0821854912764,3.1620081686819317,1.0,4356
1996435,5.5,14.620982552800735,3.19870963488144,1.0,4356
1996435,5.75,14.165059687786961,3.2087109509249667,1.0,4356
1996435,6.0,13.70821854912764,3.209420182045872,1.0,4356
1996435,6.25,13.243801652892563,3.191876983601503,0.9997704315886135,4356
1996435,6.5,12.79843893480257,3.197625029436126,0.9990817263544536,4356
1996435,6.75,12.34228650137741,3.180907842397298,0.9986225895316805,4356
1996435,7.0,11.887741046831955,3.132148966164586,0.9983930211202938,4356
1996435,7.25,11.42860422405877,3.097378466879891,0.9974747474747475,4356
1996435,7.5,10.981404958677686,3.0598129882016645,0.9963269054178145,4356
1996435,7.75,10.539485766758494,3.0044058137147163,0.9958677685950413,4356
1996435,8.0,10.116850321395775,2.9477471280976095,0.9940312213039486,4356
1996435,8.25,9.706382001836547,2.872629560612128,0.9917355371900827,4356
1996435,8.5,9.279384756657484,2.800811295911196,0.988751147842057,4356
1996435,8.75,8.865472910927457,2.7322611103545347,0.9862258953168044,4356
1996435,9.0,8.464876033057852,2.6646310365560355,0.9793388429752066,4356
1996435,9.25,8.067033976124884,2.5907379884267985,0.9742883379247016,4356
1996435,9.5,7.68732782369146,2.499604583924071,0.9676308539944903,4356
1996435,9.75,7.326675849403122,2.409040581846356,0.9595959595959596,4356
1996435,10.0,6.978191000918273,2.3168591979388804,0.9485766758494031,4356
1996435,10.25,6.639118457300276,2.2182156964497675,0.9377869605142333,4356
1996435,10.5,6.326675849403122,2.1357027503742705,0.9233241505968779,4356
1996435,10.75,6.024104683195592,2.0457718154943523,0.9072543617998163,4356
1996435,11.0,5.738292011019284,1.9650010527256352,0.8882001836547291,4356
1996435,11.25,5.452249770431589,1.8735617799637496,0.8652433425160698,4356
1996435,11.5,5.2047750229568415,1.7953467522611792,0.8331037649219467,4356
1996435,11.75,4.971533516988062,1.7179053111619988,0.7993572084481175,4356
1996435,12.0,4.759871441689624,1.6480740962915954,0.7653810835629018,4356
1996435,12.25,4.554407713498622,1.575800445144111,0.7263544536271809,4356
1996435,12.5,4.371212121212121,1.4993875519687536,0.6893939393939394,4356
1996435,12.75,4.202479338842975,1.4311134476055525,0.6483011937557392,4356
1996435,13.0,4.031910009182736,1.3591180794113094,0.6067493112947658,4356
1996435,13.25,3.888200183654729,1.3004064973787102,0.5661157024793388,4356
1996435,13.5,3.7428833792470155,1.2433085545539437,0.52089072543618,4356
1996435,13.75,3.616850321395776,1.1855931180870884,0.47796143250688705,4356
1996435,14.0,3.4935720844811753,1.138091138419561,0.4348025711662075,4356
1996435,14.25,3.38544536271809,1.0954280560339613,0.39990817263544537,4356
1996435,14.5,3.2796143250688705,1.044303310087399,0.3627180899908173,4356
1996435,14.75,3.175619834710744,0.9907321193764961,0.32231404958677684,4356
1996435,15.0,3.0787419651056016,0.949468581315057,0.2839761248852158,4356
1996435,15.25,3.0002295684113864,0.903240723683972,0.25413223140495866,4356
1996435,15.5,2.9290633608815426,0.8653398128028523,0.222910927456382,4356
1996435,15.75,2.8581267217630852,0.823077353161949,0.19352617079889808,4356
1996435,16.0,2.7908631772268135,0.7857041207931726,0.17011019283746556,4356
1996435,16.25,2.738751147842057,0.7613962047044178,0.1554178145087236,4356
1996435,16.5,2.6827364554637283,0.7310627624734325,0.13131313131313133,4356
1996435,16.75,2.6283287419651056,0.7028340584504367,0.11019283746556474,4356
1996435,17.0,2.584481175390266,0.6746025623259655,0.09573002754820936,4356
1996435,17.25,2.5472910927456383,0.6568997978439629,0.08310376492194674,4356
1996435,17.5,2.510330578512397,0.6383343573488528,0.0709366391184573,4356
1996435,17.75,2.4674012855831036,0.6189452497358411,0.05968778696051423,4356
1996435,18.0,2.432277318640955,0.5960108123213221,0.048209366391184574,4356
1996435,18.25,2.398989898989899,0.5806990433972006,0.04086317722681359,4356
1996435,18.5,2.3666207529843892,0.5611834832149634,0.0337465564738292,4356
1996435,18.75,2.3399908172635446,0.5483455126955857,0.02938475665748393,4356
1996435,19.0,2.3135904499540865,0.5313664220484131,0.024104683195592287,4356
1996435,19.25,2.2874196510560147,0.5147983669750262,0.020202020202020204,4356
1996435,19.5,2.257346189164371,0.4962580811539674,0.015381083562901745,4356
1996435,19.75,2.233700642791552,0.4792102059653037,0.011707988980716254,4356
1996435,20.0,2.207759412304867,0.4603641876526034,0.007805325987144169,4356
1996435,20.25,2.186179981634527,0.4500307515693465,0.00573921028466483,4356
1996435,20.5,2.1581726354453625,0.4355128294440547,0.004591368227731864,4356
1996435,20.75,2.1352157943067036,0.4262774809153742,0.004132231404958678,4356
1996435,21.0,2.1136363636363638,0.4146430000026596,0.0032139577594123047,4356
1996435,21.25,2.0911386593204777,0.40286515543941787,0.0016069788797061523,4356
1996435,21.5,2.071166207529844,0.3927992729239532,0.001147842056932966,4356
1996435,21.75,2.048898071625344,0.38531741302669514,0.0009182736455463728,4356
1996435,22.0,2.03168044077135,0.3814372780088188,0.0004591368227731864,4356
1996435,22.25,2.0126262626262625,0.3749643857732233,0.0,4356
1996435,22.5,1.9965564738292012,0.37454859079614694,0.0,4356
1996435,22.75,1.9754361799816345,0.38166102357123244,0.0,4356
1996435,23.0,1.962809917355372,0.3845390896991815,0.0,4356
1996435,23.25,1.9453627180899908,0.3907648970932849,0.0,4356
1996435,23.5,1.9281450872359964,0.39296611548967725,0.0,4356
1996435,23.75,1.911386593204775,0.4031435673930997,0.0,4356
1996435,24.0,1.8930211202938476,0.40889867542452873,0.0,4356
1996435,24.25,1.8732782369146006,0.41610781599208596,0.0,4356
1996435,24.5,1.8553719008264462,0.42453034697671516,0.0,4356
1996435,24.75,1.8372359963269054,0.43381741316697175,0.0,4356
1996435,25.0,1.8195592286501376,0.43713227714232505,0.0,4356
1996435,25.25,1.8018824609733701,0.44179587678471677,0.0,4356
1996435,25.5,1.7835169880624426,0.44563362434971615,0.0,4356
1996435,25.75,1.7660697887970616,0.45120711035758937,0.0,4356
1996435,26.0,1.7428833792470155,0.4616223039391251,0.0,4356
1996435,26.25,1.7206152433425161,0.4682793947398988,0.0,4356
1996435,26.5,1.7001836547291094,0.47544525100107554,0.0,4356
1996435,26.75,1.6790633608815426,0.4799853084511114,0.0,4356
1996435,27.0,1.6593204775022956,0.48310885420246547,0.0,4356
1996435,27.25,1.6384297520661157,0.48809638888845985,0.0,4356
1996435,27.5,1.6182277318640954,0.49151531624723926,0.0,4356
1996435,27.75,1.5957300275482094,0.4954629000309655,0.0,4356
1996435,28.0,1.5718549127640036,0.49856496992055793,0.0,4356
1996435,28.25,1.5557851239669422,0.5006182663978744,0.0,4356
1996435,28.5,1.5312213039485767,0.5018344997456987,0.0,4356
1996435,28.75,1.5121671258034894,0.5026577223517209,0.0,4356
1996435,29.0,1.4903581267217632,0.5022555419958193,0.0,4356
1996435,29.25,1.4637281910009183,0.5001191716025253,0.0,4356
1996435,29.5,1.440771349862259,0.49792197532999505,0.0,4356
1996435,29.75,1.4150596877869606,0.49371993727164,0.0,4356
1996435,30.0,1.392791551882461,0.48936652853350565,0.0,4356
1996435,30.25,1.3654729109274564,0.4820943416596726,0.0,4356
1996435,30.5,1.338613406795225,0.4737774102233003,0.0,4356
1996435,30.75,1.314279155188246,0.4647757472037622,0.0,4356
1996435,31.0,1.290633608815427,0.4546122485106464,0.0,4356
1996435,31.25,1.2644628099173554,0.4416176408977076,0.0,4356
1996435,31.5,1.2433425160697889,0.4291494091535182,0.0,4356
1996435,31.75,1.222910927456382,0.4162468272865789,0.0,4356
1996435,32.0,1.2008723599632691,0.4006987825770129,0.0,4356
1996435,32.25,1.1852617079889807,0.3885543289044958,0.0,4356
1996435,32.5,1.1730945821854912,0.3783724542419534,0.0,4356
1996435,32.75,1.159779614325069,0.3664436052487848,0.0,4356
1996435,33.0,1.1487603305785123,0.35589292168749515,0.0,4356
1996435,33.25,1.1368227731864096,0.34369960824452467,0.0,4356
1996435,33.5,1.1274104683195592,0.33347049266669354,0.0,4356
1996435,33.75,1.1198347107438016,0.32480543712247956,0.0,4356
1996435,34.0,1.1131772268135904,0.31684568608409885,0.0,4356
1996435,34.25,1.106060606060606,0.3079505231108903,0.0,4356
1996435,34.5,1.0989439853076217,0.2986210721594147,0.0,4356
1996435,34.75,1.0899908172635446,0.2862014575659994,0.0,4356
1996435,35.0,1.078971533516988,0.26972528971248433,0.0,4356
1996435,35.25,1.070477502295684,0.25597942601526713,0.0,4356
1996435,35.5,1.0635904499540862,0.24404994941617708,0.0,4356
1996435,35.75,1.059228650137741,0.2360792489216357,0.0,4356
1996435,36.0,1.0548668503213958,0.22774632027822628,0.0,4356
1996435,36.25,1.0514233241505968,0.2208849622879048,0.0,4356
1996435,36.5,1.0482093663911847,0.21423295638151904,0.0,4356
1996435,36.75,1.0447658402203857,0.20681314947580615,0.0,4356
1996435,37.0,1.042240587695133,0.20116065736650135,0.0,4356
1996435,37.25,1.0404040404040404,0.19692754172767316,0.0,4356
1996435,37.5,1.039026629935721,0.19368057130081295,0.0,4356
1996435,37.75,1.0369605142332414,0.18868653331645674,0.0,4356
1996435,38.0,1.0346648301193755,0.18295044007910344,0.0,4356
1996435,38.25,1.0335169880624426,0.18000288283370974,0.0,4356
1996435,38.5,1.0321395775941231,0.1763909518214012,0.0,4356
1996435,38.75,1.030532598714417,0.17206730078062307,0.0,4356
1996435,39.0,1.028696051423324,0.16697002183345422,0.0,4356
1996435,39.25,1.0280073461891643,0.1650126834807293,0.0,4356
1996435,39.5,1.0268595041322315,0.16169128926232604,0.0,4356
1996435,39.75,1.0257116620752984,0.1582918969791853,0.0,4356
1996435,40.0,1.0243342516069789,0.1541023928836256,0.0,4356
