match_id,frame_idx,d_bottleneck,d_landscape_l2,n_h1_individual,n_h1_tactical
2017461,0,1.2517962455749512,4.644533277442462,5,0
2017461,1,0.3009910583496094,0.5595647486475445,1,0
2017461,2,1.0321464538574219,3.536226069456891,3,0
2017461,3,1.4636845588684082,5.225186143103641,2,0
2017461,4,2.3083677291870117,11.628341326347423,5,0
2017461,5,2.4390163421630855,12.050959290105697,3,1
2017461,6,0.46039247512817383,1.165281969275253,2,0
2017461,7,1.3137655258178709,4.896069150284292,3,0
2017461,8,2.484996795654297,10.389441126031176,1,0
2017461,9,3.065548896789551,15.302323020326074,3,1
2017461,10,0.6384434700012207,1.5762386814537062,2,0
2017461,11,0.46788501739501953,1.0210560186117092,2,0
2017461,12,1.669952869415283,7.372487400451127,3,0
2017461,13,0.9324941635131836,2.181773228982467,2,1
2017461,14,0.2936911582946777,0.4383332740325075,3,0
2017461,15,0.0,0.0,0,0
2017461,16,2.7038393020629883,11.907969043190004,2,0
2017461,17,2.3007755279541016,8.881823932566288,4,1
2017461,18,2.942707061767578,14.093502130491748,2,0
2017461,19,0.9199962615966797,2.886455152535653,3,1
2017461,20,1.789717674255371,5.892530298848437,3,0
2017461,21,1.2214088439941404,4.4685634283614295,3,0
2017461,22,1.7923402786254883,7.9512342810105805,4,0
2017461,23,4.886661529541016,28.74035254319276,4,1
2017461,24,0.9339151382446289,2.326927183509457,2,0
2017461,25,0.8129606246948242,2.0739491860463164,4,0
2017461,26,1.9073295593261719,9.259423990781636,2,0
2017461,27,1.0450778007507324,2.7676571588121726,2,1
2017461,28,1.3447895050048828,5.835362791752176,2,0
2017461,29,1.7251276969909668,6.496870169759042,4,0
2017461,30,2.6907243728637695,9.221382474773893,2,0
2017461,31,0.7449188232421875,2.138804530867424,1,0
2017461,32,2.4031658172607417,10.281679747696309,3,0
2017461,33,1.8007164001464844,6.257291907915257,1,0
2017461,34,3.5270285606384273,20.943160133854242,2,1
2017461,35,1.6997547149658203,7.443843336836209,2,0
2017461,36,0.1494770050048828,0.2231067166854228,1,0
2017461,37,2.7604503631591797,11.142585557636044,4,1
2017461,38,5.241024971008301,27.776246164894015,2,0
2017461,39,2.5811014175415035,18.248486641078387,2,1
2017461,40,0.6473078727722167,2.4472013597962206,4,0
2017461,41,1.188526153564453,4.560401859075511,4,0
2017461,42,1.1400675773620603,3.384010007445038,3,0
2017461,43,1.9734063148498535,9.22831705013291,4,0
2017461,44,2.3053464889526363,9.486599120735885,3,0
2017461,45,1.7183237075805664,9.00308922173403,3,1
2017461,46,0.9976177215576172,3.571505529491835,4,1
2017461,47,0.0,0.0,0,0
2017461,48,1.1608543395996092,4.932865891696228,3,0
2017461,49,0.9604687690734863,3.7599997154312383,3,0
2017461,50,1.8310914039611816,6.729052714499587,3,1
2017461,51,0.44782352447509766,1.0800731505440822,2,0
2017461,52,4.1013946533203125,20.36338216434419,2,0
2017461,53,0.7220926284790039,1.6377621413958239,3,1
2017461,54,2.5132918357849117,11.769720305435781,3,1
2017461,55,2.919159889221191,12.1746973113456,3,0
2017461,56,3.5952529907226562,18.852249397679852,2,0
2017461,57,1.396153450012207,4.194028654032402,4,1
2017461,58,1.626347541809082,9.122855135952195,4,0
2017461,59,2.360647201538086,12.476848549727546,5,1
2017461,60,0.895421028137207,3.0124483092270395,3,0
2017461,61,1.9638729095458984,7.324028880595084,3,0
2017461,62,1.607394218444824,7.719928440302302,3,0
2017461,63,0.8568506240844727,3.0392675297250564,4,0
2017461,64,0.9590339660644531,3.541212574112374,4,0
2017461,65,0.6667137145996094,1.5056911836153104,1,0
2017461,66,1.2438764572143555,3.553811227631584,2,0
2017461,67,0.47368431091308594,1.1373866897680724,6,0
2017461,68,2.0487236976623535,7.984532992958266,3,0
2017461,69,1.487661361694336,8.112440101306948,6,0
2017461,70,0.6692028045654296,2.169054611643867,3,0
2017461,71,0.0,0.0,0,0
2017461,72,1.4779462814331055,5.896772027941644,2,0
2017461,73,0.8045148849487305,2.3411133415352463,2,0
2017461,74,0.6529583930969238,1.7134373678839574,1,0
2017461,75,0.3143317699432373,0.7647104746853326,1,0
2017461,76,0.8759088516235352,3.55490955072207,4,0
2017461,77,2.0691604614257812,9.291115865836508,3,0
2017461,78,0.9068312644958496,2.5420586695808716,2,0
2017461,79,3.616799831390381,18.70290613588746,2,0
2017461,80,1.9295940399169922,6.985108193102367,3,0
2017461,81,1.609511375427246,5.060649834671352,1,0
2017461,82,0.0,0.0,0,0
2017461,83,1.0752801895141602,2.8348110853344606,2,0
2017461,84,0.9731869697570801,4.334832830502223,4,0
2017461,85,4.524944305419922,23.927852746285648,5,1
2017461,86,2.0019917488098145,7.335081271145732,2,0
2017461,87,1.0664615631103516,3.0288870516045514,1,0
2017461,88,1.5972971916198728,6.240494665555641,3,0
2017461,89,0.5905582904815674,1.5552878943054715,2,0
2017461,90,2.075026512145996,8.418706680912392,3,0
2017461,91,1.9676971435546875,6.795853140358542,4,0
2017461,92,0.4109373092651367,0.932683267819664,1,0
2017461,93,1.3735771179199219,4.7874651281052385,1,0
2017461,94,2.1606702804565425,8.65281950099924,2,1
2017461,95,1.0037627220153809,3.6785796539017115,3,0
2017461,96,1.4198360443115234,4.9981998139711745,1,0
2017461,97,0.3891129493713379,0.9514274788201337,2,0
2017461,98,0.5226354598999023,1.4044116750410975,1,0
2017461,99,1.6888022422790525,6.099966002216327,3,0
2017461,100,4.493902683258057,22.50392864882529,2,0
2017461,101,2.122340679168701,11.828473944159615,4,1
2017461,102,1.1382961273193357,3.524875990204725,3,0
2017461,103,0.49749326705932617,1.2293861723532962,1,0
2017461,104,2.9008054733276363,12.813900978914598,3,0
2017461,105,1.5762062072753906,6.137951895650881,2,0
2017461,106,5.195964813232421,31.951078626217853,2,1
2017461,107,0.7728257179260254,3.031248157860818,4,0
2017461,108,1.8658571243286133,9.191871057544478,4,0
2017461,109,0.8025093078613281,2.039814536107793,2,0
2017461,110,1.2853326797485352,4.662977532226329,6,0
2017461,111,2.905367374420166,13.233231404392203,2,0
2017461,112,0.5633888244628906,1.2118189949381006,1,0
2017461,113,0.8428168296813965,2.852627226907458,4,0
2017461,114,1.1873536109924314,4.253198186951337,4,0
2017461,115,1.6872758865356445,7.311032086198731,1,0
2017461,116,2.6355781555175777,9.718270779962737,3,0
2017461,117,2.70487117767334,10.130316685131573,1,0
2017461,118,0.8167638778686522,2.5562857033038906,2,1
2017461,119,1.0787878036499021,3.488208915537001,3,0
2017461,120,0.0,0.0,0,0
2017461,121,1.7738070487976074,6.40932423870668,5,0
2017461,122,2.2228212356567383,8.123977201622303,2,0
2017461,123,0.9976730346679688,3.1419198367772054,2,0
2017461,124,0.4402742385864258,0.8574308653157732,2,0
2017461,125,0.40227317810058594,0.6386492314018157,2,0
2017461,126,0.5542783737182617,1.335201925378467,1,0
2017461,127,1.763709545135498,6.297529830506694,1,0
2017461,128,2.223648071289062,8.24304108182225,3,0
2017461,129,0.0,0.0,0,0
2017461,130,0.0847468376159668,0.060546415392301184,1,0
2017461,131,0.9593610763549805,3.1569194390914603,2,0
2017461,132,2.5306601524353027,13.976128521844362,4,1
2017461,133,2.097702980041504,7.399464274729981,5,0
2017461,134,0.44579505920410156,0.9875213641548656,2,0
2017461,135,2.291034698486328,9.665196808489007,2,0
2017461,136,1.3753280639648438,3.8482931517042607,4,1
2017461,137,0.46005773544311523,1.0921383300724916,1,0
2017461,138,2.378772258758545,10.906093916967361,6,0
2017461,139,1.8852729797363281,7.89756636297468,3,0
2017461,140,1.0874981880187988,2.975592232706751,2,0
2017461,141,0.594346284866333,1.6227894746610192,2,0
2017461,142,0.3663818836212158,0.8803488746927817,1,0
2017461,143,1.0658469200134277,3.100945240169561,3,0
2017461,144,2.202425003051758,7.65082941295559,2,0
2017461,145,1.4221019744873045,4.7619268714867005,3,0
2017461,146,0.6936812400817871,1.9179910405501348,2,0
2017461,147,0.3003239631652832,0.5904691472717203,2,0
2017461,148,3.9739065170288086,18.03414704207555,1,0
2017461,149,1.5905160903930662,7.143021630256151,3,0
2015213,0,3.6417770385742188,16.918173444341196,7,1
2015213,1,2.976840019226074,18.00227871117164,4,1
2015213,2,1.293830871582031,5.689188046119188,4,0
2015213,3,3.0975713729858394,18.890104380314966,2,1
2015213,4,0.42940711975097656,0.9115131802566604,2,0
2015213,5,4.370156764984131,22.416810961966693,1,0
2015213,6,1.001906871795654,3.3647138570036113,4,0
2015213,7,4.319775104522704,21.471182978849537,3,0
2015213,8,2.5615673065185547,8.663712902677121,5,1
2015213,9,2.5680885314941406,9.655210599639437,2,0
2015213,10,2.880874633789062,11.836518867100855,3,0
2015213,11,1.159560203552246,4.782651984533557,6,0
2015213,12,2.2900896072387695,10.771582208703954,5,1
2015213,13,2.08987808227539,15.29638838863833,3,1
2015213,14,4.068650245666504,21.29645409060634,4,1
2015213,15,1.69207763671875,8.774233984180235,4,1
2015213,16,3.3632798194885254,16.48840555842796,2,0
2015213,17,2.857425212860107,12.998436684740547,3,0
2015213,18,1.4802093505859373,4.651729614517505,3,0
2015213,19,1.454287528991699,5.409273095607977,3,0
2015213,20,1.145179271697998,4.404763857860444,2,0
2015213,21,1.4830427169799805,4.780192370438863,4,0
2015213,22,3.1838579177856445,13.891341308766368,4,0
2015213,23,2.1198081970214844,6.5084074967354315,2,1
2015213,24,2.1989765167236324,10.22105101702868,3,1
2015213,25,1.8940715789794922,5.893280003767868,2,0
2015213,26,1.0002002716064453,2.816604267876176,5,0
2015213,27,2.665986537933349,11.556893592136047,3,0
2015213,28,0.7025747299194335,1.3576207597117502,3,1
2015213,29,1.6660094261169434,6.13588184271021,4,0
2015213,30,1.6594371795654297,4.8220618187275255,2,0
2015213,31,4.311305046081543,22.549076428278852,4,1
2015213,32,1.2840099334716795,5.937246818309324,3,0
2015213,33,3.8641481399536133,18.25515249986237,4,0
2015213,34,0.34105348587036133,0.8384456949982168,2,0
2015213,35,2.5711045265197754,12.952239069977415,4,1
2015213,36,0.3048539161682129,0.5171258559302913,2,0
2015213,37,2.189619541168213,10.063801933180537,5,0
2015213,38,1.6746773719787598,7.029138044606507,5,0
2015213,39,1.985269546508789,10.955000907940036,2,1
2015213,40,3.381589412689209,15.608648501345698,4,1
2015213,41,1.0293402671813965,3.4518653816051073,2,0
2015213,42,1.222482681274414,4.7602876861755545,2,0
2015213,43,0.8843078613281249,2.7990861968187524,3,0
2015213,44,1.435379981994629,7.198431356961861,4,0
2015213,45,1.56880521774292,5.0847844368952515,5,0
2015213,46,0.6987781524658203,2.116356170721248,2,0
2015213,47,0.7152314186096191,1.8454798070441205,2,0
2015213,48,1.3442759513854978,4.386816190489143,3,0
2015213,49,1.081801414489746,3.6304237851590595,2,0
2015213,50,0.6161289215087891,1.4068016598643163,1,0
2015213,51,0.0,0.0,0,0
2015213,52,0.607475757598877,1.4625585410351585,1,0
2015213,53,3.754587173461914,18.736725399775327,3,0
2015213,54,1.4272737503051758,5.088673542327517,2,0
2015213,55,1.4385168552398682,6.052201183831872,2,0
2015213,56,1.4060993194580078,5.660969020049386,5,0
2015213,57,2.766907215118408,19.417136409115635,4,1
2015213,58,0.8978748321533203,2.2451216698381065,5,1
2015213,59,1.0901246070861816,3.704985744881633,1,0
2015213,60,3.5504417419433594,19.16573372382762,3,1
2015213,61,1.3197116851806638,5.24200121814925,3,0
2015213,62,0.5596275329589843,1.65643164018681,4,0
2015213,63,2.5292482376098633,14.056444353086263,4,1
2015213,64,3.0231819152832027,14.454648165787566,2,1
2015213,65,2.4715957641601562,18.017513661244525,3,1
2015213,66,3.7588605880737305,16.92655383356988,3,0
2015213,67,0.780360221862793,2.6425529394703395,5,0
2015213,68,2.0224008560180664,8.151818201700028,4,1
2015213,69,1.6736059188842773,9.414349885840588,5,0
2015213,70,3.7093706130981445,18.384369957316544,5,1
2015213,71,1.1497607231140134,4.433915176168767,3,0
2015213,72,1.0209465026855467,3.813640761168355,4,0
2015213,73,2.8539252281188965,12.527207853760045,4,0
2015213,74,0.2429370880126953,0.3074609437934135,1,0
2015213,75,1.245537281036377,5.058906413487346,2,0
2015213,76,1.7049832344055174,6.041501086837166,3,0
2015213,77,1.3103132247924805,4.287655660333101,2,0
2015213,78,1.7193784713745117,8.121302309838747,3,1
2015213,79,5.8653717041015625,37.553188663112245,3,1
2015213,80,0.9066610336303711,3.252823269248028,3,0
2015213,81,1.4060335159301756,4.590915903656543,3,0
2015213,82,2.866918563842773,11.960086009801325,3,0
2015213,83,0.5147895812988281,0.8846616485392171,1,0
2015213,84,1.9955501556396484,12.335236691130184,6,1
2015213,85,2.0301628112792964,12.222600085432873,4,0
2015213,86,1.4264688491821287,5.046208378687093,3,0
2015213,87,1.7141447067260742,6.228193631738287,4,0
2015213,88,0.9495081901550293,2.86780409047903,2,0
2015213,89,1.7224211692810056,7.780290291064324,3,0
2015213,90,0.8453474044799805,2.0598623531600446,1,0
2015213,91,0.0,0.0,0,0
2015213,92,0.4816932678222656,1.393811364234281,2,0
2015213,93,1.0998659133911133,3.484026055845846,1,0
2015213,94,0.9918689727783203,2.930670616369879,2,0
2015213,95,3.4647874832153316,19.25816253332639,2,1
2015213,96,1.4189233779907227,5.452950982330066,4,0
2015213,97,4.901982784271239,34.62381187466887,3,1
2015213,98,1.3107004165649412,4.443757799721977,4,0
2015213,99,0.9064083099365234,2.6456805059904114,4,0
2015213,100,1.2445902824401853,4.5658609686508616,3,0
2015213,101,0.7338948249816895,2.2260579138493606,1,0
2015213,102,0.20658016204833984,0.3571343152817757,1,0
2015213,103,3.2509231567382812,21.130056873054126,4,1
2015213,104,1.4292268753051758,5.436922435173048,2,0
2015213,105,1.1709651947021482,4.4075865414858075,3,0
2015213,106,0.4329967498779297,1.189430256478931,1,0
2015213,107,3.0616588592529297,13.842467570113131,3,1
2015213,108,2.1182479858398433,8.559728045410274,3,1
2015213,109,0.4608449935913086,0.9319478912121163,3,0
2015213,110,0.9279670715332031,3.6758409953689566,4,0
2015213,111,1.618359088897705,6.622954086487246,5,0
2015213,112,2.3545250892639156,11.594643357663326,4,0
2015213,113,2.9181509017944336,13.214236499073012,2,0
2015213,114,1.7352113723754883,7.534017166553409,2,0
2015213,115,1.8152170181274414,6.7457475002815785,2,0
2015213,116,0.8300681114196777,2.856713054278994,4,0
2015213,117,0.7705490589141846,2.563357534778413,1,0
2015213,118,2.28830337524414,9.956595112149339,4,0
2015213,119,1.8952960968017578,8.102386188844239,3,0
2015213,120,1.393773555755615,5.532958791873155,3,0
2015213,121,0.9342975616455078,2.9007067647250064,2,1
2015213,122,1.5419259071350095,5.912784897026567,3,0
2015213,123,1.1994752883911133,5.274219687958057,2,0
2015213,124,2.4774284362792964,11.660630088738781,3,0
2015213,125,0.871891975402832,2.8711963446975304,1,0
2015213,126,3.8529367446899414,20.949412016719595,1,0
2015213,127,1.696737289428711,7.403224368433057,1,0
2015213,128,2.5987834930419917,12.965276702310447,4,0
2015213,129,1.9911694526672363,7.599220884310002,1,0
2015213,130,1.7217912673950195,7.370788050723419,1,0
2015213,131,1.564876317977905,8.048719302321523,3,0
2015213,132,1.3568201065063477,4.546120461543076,2,0
2015213,133,0.601689338684082,1.521799600170414,2,0
2015213,134,3.1290588378906246,13.96622679055222,2,1
2015213,135,2.6171450614929195,11.412083448070696,4,0
2015213,136,2.6979160308837886,11.167651400792964,4,0
2015213,137,2.7644615173339844,14.454819254814804,4,1
2015213,138,0.45479869842529297,0.7466606512366778,2,0
2015213,139,0.6867685317993164,2.098560872416971,1,0
2015213,140,0.42917728424072266,0.6936049422496002,1,0
2015213,141,1.1615118980407713,4.085541561762193,4,0
2015213,142,1.165128231048584,3.7532807284194774,2,0
2015213,143,0.677220344543457,1.5520306717992005,2,0
2015213,144,0.2959046363830566,0.6379175373701396,4,0
2015213,145,3.00514554977417,14.42438512577428,4,0
2015213,146,1.6942024230957031,6.845595873832336,5,0
2015213,147,3.091626167297363,16.48925956385448,2,1
2015213,148,0.08271932601928711,0.007261246380784935,1,0
2015213,149,3.3558826446533203,17.07976584002045,4,0
2013725,0,0.503349781036377,1.1953320464718504,2,0
2013725,1,1.7471299171447754,5.252571884201008,4,0
2013725,2,1.0180163383483887,3.3021393655823856,2,1
2013725,3,0.3636741638183594,0.6246620908907105,1,0
2013725,4,1.0941643714904783,4.960037808987146,4,0
2013725,5,1.8099889755249023,6.712451134676629,3,0
2013725,6,0.21870899200439453,0.28878956712242104,1,1
2013725,7,1.4071483612060547,5.379664219867839,2,0
2013725,8,1.4564013481140137,4.9926767424727645,5,0
2013725,9,1.956202507019043,7.826479523668971,3,0
2013725,10,1.4989557266235352,5.024484369523123,2,0
2013725,11,1.8504142761230469,8.710724861332015,2,0
2013725,12,2.436850547790527,11.057951836839635,3,0
2013725,13,0.31115150451660156,0.4728540979312228,1,0
2013725,14,2.145869255065918,8.43391026497535,3,0
2013725,15,1.2067646980285642,5.203065048141719,4,0
2013725,16,0.0,0.0,0,0
2013725,17,0.9974937438964844,2.291605457700081,3,0
2013725,18,2.096080780029297,9.557398078599084,2,0
2013725,19,0.5878684520721436,1.9486854922401469,1,0
2013725,20,1.1494240760803223,5.610454226248231,2,0
2013725,21,2.3227987289428706,9.016549276441694,2,1
2013725,22,1.2213897705078125,4.0469003989766845,5,0
2013725,23,3.284356117248535,18.51957485268443,4,0
2013725,24,0.8790426254272461,2.6188330004032276,1,0
2013725,25,1.2474565505981443,4.394151489136683,4,0
2013725,26,0.5752396583557129,1.7276848309102892,1,0
2013725,27,1.2455043792724607,3.2319337608744507,3,0
2013725,28,1.0630431175231934,3.3107548990338946,5,0
2013725,29,1.6525349617004395,6.531729575644688,2,0
2013725,30,1.1371498107910154,4.457228865756341,3,1
2013725,31,0.20538902282714844,0.3358818368605688,1,0
2013725,32,1.5343008041381836,6.279325532222656,2,0
2013725,33,0.43332433700561523,1.2296814765418962,2,0
2013725,34,4.01861572265625,16.34892329915623,2,1
2013725,35,1.8839941024780273,8.502973000480019,6,1
2013725,36,0.6437625885009766,1.7856001696450596,6,0
2013725,37,2.909362316131592,14.830003734564999,1,0
2013725,38,3.9226551055908203,21.090164234441275,3,1
2013725,39,0.41535282135009766,0.7286702650865559,2,0
2013725,40,1.028149127960205,2.980050070822782,2,0
2013725,41,2.7587080001831055,13.057596801171274,6,0
2013725,42,0.999608039855957,2.711206018343913,3,0
2013725,43,1.3746490478515623,4.5714122024491095,4,0
2013725,44,0.8451514244079589,2.6149285776978353,3,0
2013725,45,2.938429832458496,11.421503813411162,5,1
2013725,46,2.998536586761474,21.339654706428036,2,1
2013725,47,0.5373373031616211,1.0186097568244585,2,0
2013725,48,0.16587591171264648,0.21912823976490003,1,0
2013725,49,2.3694376945495605,12.472160753637901,6,0
2013725,50,1.3323535919189453,11.02169938352421,5,3
2013725,51,1.6970758438110352,5.222079104053949,4,0
2013725,52,2.112644672393799,8.855266695208899,5,0
2013725,53,2.2939147949218746,9.022008071039407,3,0
2013725,54,1.670790195465088,7.465264914413954,5,0
2013725,55,1.3032875061035156,5.026921144215736,5,0
2013725,56,1.7921671867370605,8.149605340477944,5,0
2013725,57,1.4222984313964842,4.407400814054524,3,0
2013725,58,0.7170543670654297,1.7027678807466107,5,0
2013725,59,2.6266326904296875,10.46558601648051,2,0
2013725,60,2.1732835769653316,8.582073332099318,3,0
2013725,61,0.5283880233764648,1.6214552119234722,2,0
2013725,62,0.5934834480285645,1.6590463379100426,1,0
2013725,63,3.014038562774658,14.209041327821957,4,0
2013725,64,1.2125654220581055,5.489476674237183,5,0
2013725,65,2.710250854492187,11.54049351521308,4,0
2013725,66,2.8502697944641113,12.8063841513887,2,0
2013725,67,1.0751187801361084,3.218226294272793,2,0
2013725,68,0.18093395233154297,0.27112535211074995,2,0
2013725,69,3.415153980255127,15.279307224396383,4,0
2013725,70,1.7886343002319336,6.334228585623716,3,0
2013725,71,5.078982353210448,25.261904806256208,3,0
2013725,72,1.3708033561706543,4.524830490778651,2,0
2013725,73,1.6361126899719238,7.164878867441277,2,0
2013725,74,0.8673200607299804,2.558950768800874,3,0
2013725,75,1.0357770919799805,2.7642191329518226,2,0
2013725,76,1.0140888690948486,4.00147673676585,1,0
2013725,77,0.33771848678588867,0.5940249821216234,1,0
2013725,78,0.8607802391052246,2.03668053038594,5,0
2013725,79,1.3549799919128416,5.598486465149109,4,0
2013725,80,2.220091819763183,10.431811337452341,3,0
2013725,81,2.348753452301025,9.322440055607471,4,0
2013725,82,0.6257715225219725,1.702869955370998,3,0
2013725,83,1.671023368835449,4.986332547870811,3,0
2013725,84,2.264216899871826,10.834727922099582,2,0
2013725,85,0.5546779632568359,1.0591334054727324,1,0
2013725,86,2.073884963989258,9.068522684457301,3,0
2013725,87,1.4710702896118164,4.987473103874628,4,0
2013725,88,0.6069321632385254,2.1258409883842786,2,0
2013725,89,2.4284143447875977,13.432680106236578,4,1
2013725,90,0.611525535583496,1.7008915168603185,4,0
2013725,91,2.957561492919922,14.04502267769658,4,1
2013725,92,3.051290512084961,13.04198307955612,5,0
2013725,93,1.7870583534240723,6.6245567663933995,1,0
2013725,94,0.0,0.0,0,0
2013725,95,1.9059677124023438,6.710754075201476,4,1
2013725,96,1.0475873947143555,2.738298303381179,2,1
2013725,97,0.7600603103637695,2.247001905737848,2,0
2013725,98,1.0149803161621092,3.6989257029263385,4,0
2013725,99,1.2925515174865723,5.511635177760762,5,0
2013725,100,1.673508644104004,7.777467717328198,4,0
2013725,101,1.2031807899475098,3.7033785089378153,2,0
2013725,102,0.5115983486175537,1.7251453870565403,1,0
2013725,103,0.7342228889465332,2.073220257550892,1,0
2013725,104,0.6705760955810547,2.6127259880520044,6,0
2013725,105,2.0048375129699703,8.565581257605803,4,0
2013725,106,2.5557408332824703,11.313038412189899,3,0
2013725,107,1.4823312759399414,5.104939907212395,2,0
2013725,108,1.6926164627075195,5.430270000282702,5,0
2013725,109,0.8164751529693604,2.708951712459665,4,0
2013725,110,0.9535326957702637,2.7607919982860136,1,0
2013725,111,1.4818363189697266,6.944056997805658,2,0
2013725,112,1.4121947288513184,4.498820681377865,2,0
2013725,113,1.2807836532592773,4.28275069719344,1,0
2013725,114,3.717966079711914,15.673422390777766,3,0
2013725,115,0.9248952865600586,2.8498360733048442,3,0
2013725,116,2.0614447593688965,9.442958783552667,3,0
2013725,117,0.7691621780395508,2.423892564279198,1,0
2013725,118,0.6367030143737792,1.6470230106832822,3,0
2013725,119,1.0714044570922852,3.240252508664737,3,0
2013725,120,0.03289937973022461,0.0,1,0
2013725,121,1.1315016746520996,3.248935608609462,1,0
2013725,122,1.2127079963684082,5.715715194248027,5,0
2013725,123,0.3277473449707031,0.7706714015712933,1,0
2013725,124,0.4195523262023925,0.8693369524048948,3,0
2013725,125,1.2226424217224119,3.5588857865302197,4,0
2013725,126,0.8657708168029784,2.5117612590058958,3,0
2013725,127,1.0711243152618408,4.16614591266839,2,0
2013725,128,1.0360617637634277,3.835352236789886,3,0
2013725,129,3.722317695617676,18.647740175133713,3,0
2013725,130,1.0239415168762207,2.809875392404409,2,0
2013725,131,0.2080063819885254,0.32233901862129627,2,0
2013725,132,2.5733633041381836,16.50286293760931,3,2
2013725,133,2.865665435791015,16.031270910624777,3,0
2013725,134,2.597992897033691,11.024866701903443,3,0
2013725,135,0.9510183334350586,3.5295620353177735,3,1
2013725,136,0.0,0.0,0,0
2013725,137,2.0377864837646484,8.241085774460998,1,0
2013725,138,1.8711977005004883,9.303310881815715,5,1
2013725,139,2.5137863159179688,13.268993152113365,4,1
2013725,140,0.0,0.0,0,0
2013725,141,3.9334402084350586,18.34766120583573,3,0
2013725,142,1.1956043243408203,3.210160859039214,1,0
2013725,143,1.1924204826354978,4.799644984042043,4,0
2013725,144,1.8979864120483398,7.9120307444071125,2,0
2013725,145,1.851095199584961,6.116402860332838,2,0
2013725,146,2.3755826950073238,10.779202159438624,3,0
2013725,147,1.388723373413086,5.262484076469735,2,0
2013725,148,0.6797475814819336,2.3404950783130998,5,0
2013725,149,2.4144010543823238,11.212177600650762,4,0
2011166,0,2.4016933441162105,11.56011168181535,4,0
2011166,1,0.5368204116821289,0.9473314086332951,1,0
2011166,2,0.0,0.0,0,0
2011166,3,1.2634067535400388,3.8110742430954425,4,0
2011166,4,0.47122907638549805,1.3082081070263392,3,0
2011166,5,0.24126982688903809,0.5134385270126772,1,0
2011166,6,1.2146239280700684,4.761815837228986,2,0
2011166,7,0.5324840545654297,0.9462533968114166,1,0
2011166,8,2.946110725402832,12.918597416686925,2,0
2011166,9,0.44088172912597656,0.7723927096903551,1,0
2011166,10,1.7107315063476562,6.9379254356985065,1,0
2011166,11,2.147256851196289,8.789607318430978,3,0
2011166,12,0.48767566680908203,1.3551739214884653,2,0
2011166,13,0.5933008193969727,1.4353206063208719,1,0
2011166,14,1.2718353271484373,5.481426933934068,3,0
2011166,15,2.7685227394104004,13.409062227189454,2,0
2011166,16,1.3503341674804688,3.8046389069589743,1,0
2011166,17,0.8979148864746094,3.85608986970472,1,1
2011166,18,1.7270650863647459,7.195508811885234,3,0
2011166,19,5.697696685791016,33.80411028098375,5,1
2011166,20,1.0735177993774414,2.8273319344747336,5,0
2011166,21,1.6525387763977049,6.5453395341366685,3,0
2011166,22,1.0165133476257324,3.1226303897220404,1,0
2011166,23,0.48004579544067383,0.9478169959858711,2,1
2011166,24,0.4744589328765869,0.9992791350350823,2,0
2011166,25,2.669293880462646,13.416702263772834,3,0
2011166,26,0.6483478546142577,1.6739639598283154,3,0
2011166,27,2.295321941375732,10.30978860788372,3,0
2011166,28,1.1182260513305662,3.510796219286776,2,1
2011166,29,1.455538272857666,7.231682815607425,2,0
2011166,30,0.2611241340637207,0.4660557469796166,1,0
2011166,31,0.07153749465942383,0.055796079006149406,1,0
2011166,32,1.9068727493286133,8.158078191291082,3,0
2011166,33,0.8227500915527344,2.324130283454727,1,1
2011166,34,1.970731258392334,9.747438744968925,4,0
2011166,35,2.109973907470703,8.322745475952935,3,0
2011166,36,1.3978009223937986,6.871677542493125,3,0
2011166,37,0.4286346435546875,0.9535370974048533,2,0
2011166,38,0.08355832099914551,0.10570063280908375,1,0
2011166,39,2.6032657623291016,10.422183398801522,1,0
2011166,40,3.260716438293457,15.128172674211863,1,0
2011166,41,0.950559139251709,2.660240569514811,1,0
2011166,42,0.5404345989227295,1.7905848024457445,1,0
2011166,43,1.2205476760864256,4.886460618601681,4,0
2011166,44,0.12391042709350586,0.161400219605002,2,0
2011166,45,1.4592447280883787,5.815957212616917,3,0
2011166,46,0.8898630142211914,2.1036790043082134,3,0
2011166,47,1.6529636383056638,5.843695854828853,3,0
2011166,48,0.36539554595947266,0.6409898472846751,1,0
2011166,49,0.5180997848510742,1.2574931675989118,2,0
2011166,50,0.4959745407104492,1.1642257533200302,4,0
2011166,51,0.0,0.0,0,0
2011166,52,1.5824995040893555,4.976900105050973,2,0
2011166,53,2.554167747497558,10.336231967109857,3,0
2011166,54,0.6995482444763184,1.7472147954534867,1,0
2011166,55,1.1443305015563963,3.7407367940523146,3,0
2011166,56,1.902529239654541,8.656756174885944,4,0
2011166,57,1.2118635177612302,3.683670095007746,3,0
2011166,58,0.0,0.0,0,0
2011166,59,0.4535551071166992,1.0429230693968463,2,0
2011166,60,1.3159708976745605,4.187864997102809,1,0
2011166,61,1.3609285354614258,4.369583045135416,2,0
2011166,62,3.6855430603027344,21.449730659821196,3,1
2011166,63,0.13089847564697266,0.17548370150624704,1,0
2011166,64,1.0646476745605469,2.6257194767095764,1,0
2011166,65,2.1604051589965816,8.402684059545784,3,0
2011166,66,1.5264234542846677,5.082427450226529,3,0
2011166,67,0.7900619506835936,2.235202491756958,3,0
2011166,68,3.314481735229492,14.407679598080216,2,0
2011166,69,0.02866649627685547,0.0,1,0
2011166,70,2.0297260284423824,6.757902232226258,3,1
2011166,71,1.8616747856140137,6.87901671626187,2,0
2011166,72,0.7591054439544677,2.841370860665656,3,0
2011166,73,0.5344986915588379,1.55275729503793,2,0
2011166,74,3.452358245849609,20.06886581354258,2,1
2011166,75,2.1092634201049805,8.100915707453598,2,0
2011166,76,2.2578287124633785,8.892077076585423,3,0
2011166,77,0.5208091735839844,1.7784583330707588,5,0
2011166,78,1.290483474731445,4.433516138354028,4,0
2011166,79,1.0228605270385742,3.646464735659505,2,0
2011166,80,0.5077500343322754,1.6210829959874804,2,0
2011166,81,3.0529251098632812,12.115242366786886,1,0
2011166,82,1.9524946212768555,7.303902622091889,2,0
2011166,83,2.3330407142639156,9.524347202840769,3,0
2011166,84,2.7895283699035645,11.992600094109445,2,0
2011166,85,2.3675694465637203,12.534123146438299,4,0
2011166,86,1.8587651252746582,8.194027965084253,3,0
2011166,87,3.1866979598999023,19.549517173270925,1,1
2011166,88,1.2563142776489256,4.601919903770154,4,0
2011166,89,1.5728263854980469,5.138926849274342,4,0
2011166,90,1.3698911666870115,4.139432144924388,3,0
2011166,91,3.5628538131713867,14.524249947571692,1,0
2011166,92,1.483067512512207,6.037795308778831,4,0
2011166,93,2.6964416503906246,11.650646472637987,4,0
2011166,94,1.4366698265075681,5.276505473569693,3,0
2011166,95,4.352275848388671,26.379977126632983,3,1
2011166,96,1.6794233322143552,4.762331018563812,3,0
2011166,97,0.13994503021240234,0.18438192437886036,1,0
2011166,98,0.9966802597045898,2.6033776739674668,2,0
2011166,99,0.022214651107788086,0.0,1,0
2011166,100,1.4524269104003906,5.844016437693474,1,0
2011166,101,0.611175537109375,1.6525316921780007,1,0
2011166,102,1.7016386985778809,7.5808963809368315,2,0
2011166,103,0.9774460792541504,3.046616340566542,5,1
2011166,104,0.8054652214050293,2.4082329180243436,2,0
2011166,105,0.7634844779968262,2.4624080424967696,2,0
2011166,106,0.7859811782836913,3.5215563096066385,3,0
2011166,107,0.4586172103881836,1.0803833365227924,2,0
2011166,108,0.9041004180908203,3.0634352290460285,4,0
2011166,109,0.08783721923828125,0.012881057777039103,1,0
2011166,110,0.017915725708007812,0.0,1,0
2011166,111,1.0251445770263672,3.9472973190224323,3,0
2011166,112,1.4437003135681152,5.576163262426771,2,0
2011166,113,1.3598155975341795,3.748595683209688,4,0
2011166,114,1.0671558380126953,2.9703166769239155,3,0
2011166,115,2.613621234893799,10.696283006305622,5,0
2011166,116,0.5449190139770507,1.1905212104115268,4,0
2011166,117,0.9765529632568359,2.2758652773919112,2,0
2011166,118,1.3165364265441895,4.330925126303858,2,0
2011166,119,1.0475244522094727,3.3394937565560676,2,1
2011166,120,2.008599281311035,9.158465924438028,4,1
2011166,121,1.6640558242797852,6.26975146419434,4,1
2011166,122,1.8268184661865234,5.968491508392616,1,0
2011166,123,2.5217752456665035,12.66396291774025,4,0
2011166,124,0.06705355644226074,0.08777998896804425,1,0
2011166,125,2.062007427215576,8.932098382947206,2,0
2011166,126,0.7795808315277098,2.440745823708365,3,0
2011166,127,0.6357455253601073,1.5212647757986115,3,0
2011166,128,0.6590752601623534,2.1213429559051935,3,0
2011166,129,2.6823844909667964,9.794149736743806,3,0
2011166,130,1.1211619377136228,3.804121738716082,3,0
2011166,131,1.1639885902404785,4.227380262566354,2,0
2011166,132,3.1577939987182617,15.439717642286817,3,1
2011166,133,0.13975334167480466,0.21557692944743095,3,0
2011166,134,1.7739996910095215,6.291817280066951,3,0
2011166,135,0.36876583099365234,0.9050027981216329,2,0
2011166,136,1.8467516899108887,7.580411741705278,3,0
2011166,137,1.518651485443115,5.222486608483552,3,0
2011166,138,1.5059504508972166,5.6158992883335594,3,0
2011166,139,0.4115433692932129,0.9649946950322271,2,0
2011166,140,1.3895368576049805,5.532502123792378,2,0
2011166,141,0.3159797191619873,0.6950673019390784,1,0
2011166,142,1.578226566314697,6.469900087326219,3,0
2011166,143,3.024849891662597,13.59397043395783,2,1
2011166,144,0.5377566814422607,1.1062527510872184,2,0
2011166,145,1.7764883041381836,5.7731969653899515,2,0
2011166,146,1.3934125900268552,5.382596686246111,3,0
2011166,147,0.9875125885009766,2.6888322024384412,2,1
2011166,148,0.9888136386871338,3.6983104995436444,2,0
2011166,149,1.4910473823547363,5.958944537944341,2,0
2006229,0,1.0688347816467285,5.301513895756504,5,0
2006229,1,0.6899309158325194,1.8941177070772417,3,0
2006229,2,2.0230307579040523,7.744577577764658,2,2
2006229,3,0.7457942962646484,1.745216264441335,1,0
2006229,4,0.6232757568359375,1.8733328321494853,2,0
2006229,5,1.1496887207031248,6.0923832754990705,4,0
2006229,6,1.2617430686950681,4.772813897330958,3,0
2006229,7,2.13897705078125,7.949322316248569,2,0
2006229,8,2.290544509887695,7.286513485777851,2,1
2006229,9,1.6355061531066895,6.022450161065923,6,0
2006229,10,1.2580318450927732,3.688542148226656,4,0
2006229,11,1.9625177383422852,8.129248150248502,2,1
2006229,12,2.2343654632568355,9.961748664731788,3,0
2006229,13,1.8140583038330078,7.9014264435043,4,1
2006229,14,2.291187286376953,17.882158634708443,5,2
2006229,15,0.7629852294921875,1.7847884081319345,2,0
2006229,16,3.867171287536621,16.73242905300146,2,0
2006229,17,2.0685625076293945,5.962562116357022,2,0
2006229,18,0.0,0.0,0,0
2006229,19,2.6045255661010738,14.517286476282509,3,1
2006229,20,0.8431358337402344,2.2714541388052143,2,0
2006229,21,1.8467226028442383,4.853559272873159,0,1
2006229,22,2.608260154724121,11.193858538001201,2,0
2006229,23,0.42269945144653315,1.1341398400750138,3,0
2006229,24,1.0523881912231445,3.3185040300624307,7,1
2006229,25,1.4490385055541992,5.069838470504019,4,0
2006229,26,0.0,0.0,0,0
2006229,27,1.5028057098388672,5.5258648250982185,1,0
2006229,28,0.2771124839782715,0.42745443562924107,2,0
2006229,29,1.1180140972137451,4.375468829484823,2,0
2006229,30,2.093486785888672,9.265665279031628,4,1
2006229,31,0.3098173141479492,0.5306415348266047,1,0
2006229,32,1.9131665229797363,7.2195815523289175,1,0
2006229,33,1.0729646682739258,2.9808881674014978,3,0
2006229,34,5.635685920715332,38.61622465015521,4,1
2006229,35,0.8769054412841797,2.580465204434352,2,0
2006229,36,1.0821309089660642,2.9189685492599087,3,0
2006229,37,2.227251052856445,7.365251613236203,3,1
2006229,38,1.8924627304077148,6.822701909945201,4,0
2006229,39,1.7812285423278809,8.996946182448752,2,0
2006229,40,1.6491894721984863,5.924232186788985,2,0
2006229,41,0.990532398223877,3.830869750475677,4,0
2006229,42,1.693799018859863,5.394439135570006,3,0
2006229,43,1.524186611175537,6.038184856884918,4,0
2006229,44,2.505342483520508,13.415900245317735,1,1
2006229,45,0.16523408889770508,0.23284419125025205,1,0
2006229,46,1.2328453063964842,4.139745880359192,3,0
2006229,47,1.5125193595886228,6.534635754353791,3,0
2006229,48,2.454520225524902,9.407186620220202,4,0
2006229,49,2.628737449645996,15.491698907668184,3,2
2006229,50,2.717957496643066,11.66887146854452,2,1
2006229,51,2.3166885375976562,10.585664689503284,2,0
2006229,52,1.3017797470092771,5.476891884679052,3,0
2006229,53,3.117319107055664,19.749412313189573,5,2
2006229,54,0.8322215080261229,3.295166596663029,3,0
2006229,55,6.1738128662109375,35.99895410441757,1,0
2006229,56,1.6270785331726072,6.4671254085194265,3,0
2006229,57,2.9117102622985835,14.819173982174847,3,0
2006229,58,1.6102871894836424,5.530009172976689,3,0
2006229,59,1.3405065536499021,6.207157787881977,2,2
2006229,60,3.532830238342285,17.27224980807111,2,0
2006229,61,1.5318064689636228,5.66836108209683,3,0
2006229,62,1.6046218872070312,5.2297929258313856,2,0
2006229,63,3.3410959243774414,20.00027712909454,5,1
2006229,64,0.7234878540039061,1.7902944944067194,2,1
2006229,65,1.4054746627807617,4.509545320559568,1,0
2006229,66,1.4273748397827148,4.8632247083546405,2,0
2006229,67,1.1912569999694824,3.7081309956846717,2,0
2006229,68,2.915112018585205,12.999665102649788,2,0
2006229,69,1.9596219062805176,8.487544783171657,4,0
2006229,70,0.4529561996459961,1.306409054379057,2,0
2006229,71,1.73848295211792,8.687333157379694,5,0
2006229,72,2.0082263946533203,7.870361482554805,2,1
2006229,73,2.1108574867248535,9.57738558549557,3,0
2006229,74,0.35555791854858393,0.8950310634299743,3,0
2006229,75,1.2026948928833008,3.988102511650431,2,0
2006229,76,1.5874567031860352,7.16819245509877,3,1
2006229,77,2.634648323059082,10.258787848703,2,0
2006229,78,2.2441329956054683,8.038967863864093,3,0
2006229,79,0.8325328826904296,2.3843452033904744,3,0
2006229,80,0.8874540328979492,2.2216760066854504,4,0
2006229,81,1.6076674461364746,5.192749030486669,3,1
2006229,82,0.8133225440979004,2.1148241586318437,2,0
2006229,83,0.6607265472412108,1.6401247550534146,3,1
2006229,84,1.9393200874328613,7.9042658057675625,3,0
2006229,85,3.469583511352539,18.791135012714793,3,1
2006229,86,0.7648830413818359,1.5778794683436197,1,0
2006229,87,0.9532299041748047,3.250224673248262,6,0
2006229,88,0.6348905563354492,1.7825893699911652,1,0
2006229,89,3.453122138977051,15.882216413721283,2,0
2006229,90,3.8648223876953125,27.735591689787693,3,2
2006229,91,0.6144990921020507,1.4936149969362171,4,0
2006229,92,1.8646163940429688,6.515610676975874,1,2
2006229,93,2.983287811279297,19.827354605096556,2,2
2006229,94,6.73709774017334,50.02122302241178,3,1
2006229,95,1.052133560180664,2.7559518871323427,1,0
2006229,96,2.7038278579711914,14.836954332713066,4,2
2006229,97,2.2317185401916504,9.267584149725538,1,0
2006229,98,1.551802635192871,5.777733504376178,2,0
2006229,99,1.1602230072021484,4.248992790864193,1,0
2006229,100,0.8246393203735352,1.8879708061415255,2,0
2006229,101,2.3725948333740234,14.431122603910925,4,1
2006229,102,0.7191057205200195,1.4893337517632668,1,0
2006229,103,2.9913082122802734,14.422040586261906,5,1
2006229,104,1.9356794357299805,7.169043007761419,3,0
2006229,105,1.7211084365844724,5.658465574031295,3,0
2006229,106,0.0,0.0,0,0
2006229,107,0.328524112701416,0.7468854879584983,2,0
2006229,108,1.886073112487793,6.207226078813238,2,0
2006229,109,1.2652807235717773,4.675598030148586,2,0
2006229,110,1.0205392837524412,2.8336293157948758,3,1
2006229,111,3.0411000251770015,23.865051793553636,2,1
2006229,112,3.1319446563720703,13.589800368033584,2,0
2006229,113,1.6519098281860352,6.116551768759236,2,2
2006229,114,1.393613338470459,4.387628895762955,2,0
2006229,115,0.3810567855834961,0.9088121399455426,1,0
2006229,116,2.7492547035217285,12.081576075193798,1,0
2006229,117,1.4772529602050781,5.805970295811628,4,0
2006229,118,2.403304100036621,9.231133798283226,1,0
2006229,119,0.010289192199707031,0.0,1,0
2006229,120,0.0,0.0,0,0
2006229,121,1.9402832984924316,7.521119015699569,4,0
2006229,122,1.2722568511962888,5.48961896649845,4,0
2006229,123,2.717572212219238,12.015425501711084,4,0
2006229,124,2.6573667526245117,15.726023941458758,5,1
2006229,125,1.0652756690979004,3.3003584481364157,3,0
2006229,126,1.0615615844726562,2.8066914845351465,3,0
2006229,127,2.371627807617187,10.52985271400262,3,0
2006229,128,3.0032873153686523,13.369778857255204,2,0
2006229,129,1.3271141052246092,4.283760964362001,4,0
2006229,130,1.7944250106811523,7.038722253184265,5,0
2006229,131,1.0342750549316406,3.4040272542400465,3,0
2006229,132,3.058406829833984,13.120896988749534,3,0
2006229,133,0.8375582695007324,2.4468704376808876,1,0
2006229,134,1.0498676300048828,2.7296868846944875,3,0
2006229,135,2.080871105194092,9.348764632377751,3,0
2006229,136,3.705349922180176,15.914356766983285,3,0
2006229,137,3.43561315536499,16.139899306783878,3,0
2006229,138,3.085918426513672,15.710835221886198,4,1
2006229,139,2.9710860252380367,14.26302959058256,3,0
2006229,140,0.9221591949462891,2.2185687835690264,2,0
2006229,141,1.29899787902832,4.699179433286762,3,0
2006229,142,1.1547875404357908,4.113637576745265,4,0
2006229,143,1.7802410125732422,7.567950492918507,3,0
2006229,144,3.850623607635498,18.3177074190685,3,0
2006229,145,1.2467536926269531,4.627025875372864,2,0
2006229,146,2.2289149761199947,9.31099830457238,4,0
2006229,147,1.6130943298339842,5.256863991757762,2,1
2006229,148,1.0908899307250977,3.2053116884416784,2,0
2006229,149,1.2761499881744385,5.193845347067656,1,0
1996435,0,1.0168538093566895,3.2571777998575215,3,0
1996435,1,1.3404643535614011,5.673043747904688,3,0
1996435,2,2.493415832519531,13.485965016365267,4,0
1996435,3,4.231753826141357,21.69443312968685,5,0
1996435,4,1.122061252593994,4.675702698838385,4,0
1996435,5,1.4654502868652344,5.501143531458346,5,0
1996435,6,1.2328600883483887,4.858443152151441,1,0
1996435,7,0.0,0.0,0,0
1996435,8,1.0534288883209229,4.148031849966892,1,0
1996435,9,1.4057421684265137,5.733145782236705,2,0
1996435,10,0.7875757217407227,2.565123124050523,2,0
1996435,11,0.642674446105957,1.403262595573441,1,0
1996435,12,0.6868405342102051,2.3584424408220372,2,0
1996435,13,2.5734128952026363,9.340776316000781,4,0
1996435,14,1.0075774192810056,3.0364780285791615,4,0
1996435,15,2.316057682037353,9.321864835707865,3,0
1996435,16,0.9467344284057617,3.668872818251935,2,0
1996435,17,0.9147779941558838,3.5984856629573847,1,0
1996435,18,2.387235164642334,9.319092488564076,1,0
1996435,19,1.8232965469360352,12.229282731805034,4,1
1996435,20,2.2554759979248042,10.014967795793652,4,0
1996435,21,1.6668605804443357,5.381152612396034,3,0
1996435,22,2.2160730361938477,8.41033919987363,2,0
1996435,23,1.0086946487426758,3.7922712318898486,5,0
1996435,24,0.9852328300476074,3.2679209158883604,2,0
1996435,25,0.24746131896972656,0.31320122308153253,1,0
1996435,26,1.4710826873779297,6.3242339652161,1,1
1996435,27,2.318635463714599,11.675802509937736,3,0
1996435,28,1.0407695770263672,4.523807368643153,3,0
1996435,29,0.9289798736572266,3.2453822549952585,3,0
1996435,30,2.611878395080566,15.00230684147141,3,1
1996435,31,0.37349939346313477,0.7572411215869554,1,0
1996435,32,2.2130432128906246,10.657680817447805,2,1
1996435,33,1.222580909729004,3.286414167627222,1,0
1996435,34,0.6215944290161132,1.9120725793390645,3,1
1996435,35,1.6102833747863767,5.966087067635764,3,0
1996435,36,2.0701479911804195,9.942487258829184,3,1
1996435,37,1.3803215026855467,5.091747980718602,4,0
1996435,38,0.6759066581726074,1.8989719935475677,2,0
1996435,39,1.947052001953125,8.025004723640636,4,0
1996435,40,0.18694019317626953,0.23703602167098528,1,0
1996435,41,1.7621617317199707,7.263633682148904,1,0
1996435,42,2.771628379821777,19.48333408713663,2,1
1996435,43,0.1833658218383789,0.23593761520921613,1,0
1996435,44,4.530238151550293,25.128634118849476,4,1
1996435,45,2.3897132873535156,11.792489886751618,2,0
1996435,46,1.3338689804077148,4.461372424532812,5,0
1996435,47,0.0,0.0,0,0
1996435,48,0.9729242324829102,2.5010148651970567,3,1
1996435,49,2.587780475616455,14.922328898528646,7,2
1996435,50,1.5144538879394531,4.89545157525891,4,0
1996435,51,2.1330757141113277,8.271068249886918,4,0
1996435,52,0.561856746673584,1.6159164716715677,2,0
1996435,53,1.957413673400879,7.2076863897289725,2,0
1996435,54,2.8505158424377437,12.438178107074076,3,0
1996435,55,1.4611291885375974,7.386346321568542,3,0
1996435,56,1.6153068542480467,5.602329145180084,3,0
1996435,57,2.127469539642334,9.247570779180478,3,0
1996435,58,0.49744558334350586,1.0227028944499312,1,0
1996435,59,1.6898603439331052,6.043179590215566,3,0
1996435,60,1.417128562927246,4.243955858488856,1,0
1996435,61,3.278963088989258,13.313637780790247,4,0
1996435,62,2.8855013847351074,13.437787638735086,2,0
1996435,63,1.9464244842529297,6.331629124027017,2,0
1996435,64,1.1344213485717773,4.018319200547967,2,0
1996435,65,0.44408702850341797,1.0069524688777467,1,0
1996435,66,1.5297231674194336,5.33936528187023,2,0
1996435,67,1.4677610397338865,5.57715312569557,3,0
1996435,68,1.2115788459777832,4.071167453010208,1,0
1996435,69,0.8238248825073242,2.0922759122988692,2,0
1996435,70,0.34138679504394526,0.7424957492739496,3,0
1996435,71,0.0,0.0,0,0
1996435,72,2.1292963027954097,9.050871094747174,3,1
1996435,73,1.2772741317749021,3.5468712705611876,3,0
1996435,74,1.4687323570251465,7.499135068096084,4,0
1996435,75,0.9070959091186523,2.959657712601368,2,0
1996435,76,3.122246742248535,19.881679312562223,3,1
1996435,77,0.2954709529876709,0.5721058353952784,2,0
1996435,78,1.3995642662048338,4.708664808459538,3,0
1996435,79,0.727074146270752,1.919116069578938,4,0
1996435,80,0.26998281478881836,0.5599648193465812,1,0
1996435,81,2.0980386734008785,9.374146856723844,4,0
1996435,82,0.1399078369140625,0.1061169843827134,1,0
1996435,83,1.320094108581543,3.989162385967897,2,0
1996435,84,2.8321609497070312,13.538270557357693,3,1
1996435,85,1.5399794578552244,5.854737285552733,3,0
1996435,86,2.1248269081115723,8.696666888695214,3,0
1996435,87,1.0938615798950195,3.0646681862774217,2,0
1996435,88,0.6527643203735352,1.873411375461232,1,0
1996435,89,2.0183701515197754,8.697506879186626,2,0
1996435,90,4.452472686767578,20.445482637623495,2,0
1996435,91,2.6611471176147456,12.146619487235004,3,1
1996435,92,1.0912280082702634,3.4474304200057913,4,0
1996435,93,1.9412164688110352,8.141837320161061,2,0
1996435,94,1.2549428939819334,4.855331978270822,3,0
1996435,95,4.970829010009766,32.26034064376342,4,1
1996435,96,4.118736267089844,19.30275474338967,2,0
1996435,97,5.385375976562499,32.36073551316409,2,1
1996435,98,2.364448547363281,16.595907090800562,2,2
1996435,99,0.0,0.0,0,0
1996435,100,3.1299996376037598,16.9502344266325,2,0
1996435,101,0.9410696029663086,2.38618541678422,1,0
1996435,102,1.2418203353881834,3.609658491504022,4,0
1996435,103,2.4463238716125484,10.487833823938397,4,0
1996435,104,1.1307244300842285,3.7790682129639346,1,0
1996435,105,1.8566842079162598,6.944553210606568,3,1
1996435,106,0.8495469093322754,2.764644277002372,4,0
1996435,107,0.35375308990478516,0.559135531851092,2,0
1996435,108,0.7283620834350586,1.7762914204659952,1,0
1996435,109,0.6721220016479492,1.8662063902199735,2,0
1996435,110,0.0,0.0,0,0
1996435,111,0.0,0.0,0,0
1996435,112,0.1013031005859375,0.1281767436616922,1,0
1996435,113,2.231785774230957,13.093417356834712,5,1
1996435,114,1.3386220932006836,4.724184230230799,2,0
1996435,115,0.9336037635803223,3.250598186220202,2,0
1996435,116,1.783797264099121,7.972023783428959,4,0
1996435,117,1.9917516708374023,8.660789660601287,3,0
1996435,118,0.6731619834899901,1.8110435716723243,4,0
1996435,119,2.118885517120361,8.853367983089894,4,0
1996435,120,0.7623507976531982,2.500812167664184,1,0
1996435,121,0.26145339012145996,0.397815563105672,2,0
1996435,122,1.7930355072021484,7.378046704681779,4,0
1996435,123,0.5073518753051758,1.0181275300076202,1,0
1996435,124,1.9883918762207031,7.05673695204709,2,0
1996435,125,1.4595026969909668,5.362602116475191,2,0
1996435,126,1.159767150878906,3.2232245500175383,3,0
1996435,127,1.7108850479125974,6.715568360607191,3,0
1996435,128,1.7359437942504883,8.642628775188465,4,0
1996435,129,3.323917388916015,15.318853452525545,2,1
1996435,130,1.8459281921386719,7.727593734499013,3,0
1996435,131,1.2223854064941404,5.480522080925444,3,0
1996435,132,2.488240242004394,11.659873775636242,3,1
1996435,133,2.6980791091918945,11.790525053738408,2,0
1996435,134,0.7000322341918944,2.1804517718976086,3,0
1996435,135,1.2824831008911133,3.7266008731684512,1,0
1996435,136,1.3035526275634766,3.754156247118173,2,0
1996435,137,0.3475143909454345,0.7002755790546539,4,0
1996435,138,2.0624299049377437,8.762869859536815,4,0
1996435,139,0.40886592864990234,0.8488977222234764,2,0
1996435,140,2.6905207633972164,12.543810080790562,3,0
1996435,141,6.495501518249512,37.22995014531789,2,0
1996435,142,2.0718393325805664,7.846972745298615,3,0
1996435,143,1.4902658462524414,5.689797731027351,2,0
1996435,144,0.33542919158935547,0.6548414594961685,2,0
1996435,145,3.249813556671142,15.715556097877375,3,0
1996435,146,1.5587468147277832,5.261693874160201,2,0
1996435,147,1.5860648155212402,5.050469661495146,4,0
1996435,148,1.5721030235290525,5.657088990738521,2,1
1996435,149,1.7590365409851074,6.277263564336917,3,1
1953632,0,3.6026296615600586,19.075351279137973,4,0
1953632,1,2.9117698669433594,15.383731527774513,4,1
1953632,2,2.2827587127685542,9.805544134557401,4,0
1953632,3,1.4172453880310059,5.427565186572566,4,0
1953632,4,1.1483502388000488,3.639018998681133,2,0
1953632,5,0.0,0.0,0,0
1953632,6,1.738785743713379,5.894843912999385,2,0
1953632,7,4.0669965744018555,21.345001141668284,4,1
1953632,8,2.015203952789306,13.446823092869094,4,0
1953632,9,0.9285449981689453,3.5347715070981307,7,0
1953632,10,1.6577768325805662,6.400474842877077,3,0
1953632,11,0.07046318054199219,0.03790811866986733,2,1
1953632,12,2.584424018859863,10.258156267353117,3,1
1953632,13,1.5964064598083494,5.4776706268352875,3,0
1953632,14,1.8552513122558594,7.891914965550294,2,0
1953632,15,2.441189289093017,14.62957431427474,3,1
1953632,16,1.469200611114502,5.974342741970996,5,0
1953632,17,1.3537821769714355,7.381737809448204,6,2
1953632,18,2.7433404922485347,9.877664154084899,2,1
1953632,19,1.230638027191162,3.684807016325708,2,0
1953632,20,1.6557064056396484,5.741751268503439,4,0
1953632,21,0.6648659706115723,1.9745345474543001,2,0
1953632,22,2.419558525085449,14.596278017802746,4,1
1953632,23,1.6509056091308594,7.340585318274093,4,1
1953632,24,1.474916934967041,6.064133478847174,5,1
1953632,25,1.1596126556396484,3.168026770444556,1,0
1953632,26,0.08361434936523438,0.0,1,0
1953632,27,4.545756340026855,22.44799907599204,2,1
1953632,28,1.6205005645751953,5.678679332225047,4,1
1953632,29,2.158416748046875,7.589388919847127,4,1
1953632,30,0.7964038848876953,1.9034748936038743,2,0
1953632,31,0.7395067214965819,2.1466296314627145,3,0
1953632,32,2.4487552642822266,12.852080126775089,6,0
1953632,33,1.1499128341674802,4.34152071048,3,0
1953632,34,1.0825090408325195,3.6720371806783865,5,0
1953632,35,1.3247270584106443,4.513788689848542,4,0
1953632,36,1.3485078811645508,5.51887871959269,2,0
1953632,37,1.3037042617797852,3.3419622287619792,4,1
1953632,38,2.1447720527648926,7.577214442601646,2,1
1953632,39,0.0,0.0,0,0
1953632,40,0.5424947738647461,2.062764703734804,5,0
1953632,41,1.7515501976013184,6.772183626781306,2,0
1953632,42,2.458043098449707,14.57734018666822,1,1
1953632,43,3.1668596267700195,13.291159006148868,5,1
1953632,44,2.466142177581787,11.887061245337604,4,1
1953632,45,2.4285831451416016,10.978102674409865,2,0
1953632,46,1.4815783500671387,4.4704909200593965,5,1
1953632,47,1.0950155258178709,3.841136570582572,3,1
1953632,48,1.8332648277282715,8.426210606817003,4,1
1953632,49,2.7774200439453125,13.299963215874484,5,0
1953632,50,0.7972826957702637,2.2371028716518975,2,0
1953632,51,1.8233404159545898,7.553404612803025,2,0
1953632,52,1.240664482116699,5.349701797186227,4,0
1953632,53,3.863922119140625,23.378900673221363,5,3
1953632,54,0.0,0.0,0,0
1953632,55,2.6603355407714844,16.908769628322,5,1
1953632,56,1.9442062377929688,12.260017771501753,4,2
1953632,57,1.4409823417663574,5.671652514301721,3,1
1953632,58,3.3153934478759766,16.791976248828657,3,1
1953632,59,1.234346866607666,3.8654938432210675,1,0
1953632,60,2.420432567596435,10.214518024091769,4,0
1953632,61,0.9573593139648438,3.1246479786088455,2,0
1953632,62,2.10244083404541,7.502032189565483,3,0
1953632,63,2.32890510559082,10.84435651788492,3,0
1953632,64,3.3366103172302246,17.525946936977025,4,1
1953632,65,3.904904365539551,20.486300610260493,5,1
1953632,66,1.3217134475708008,4.055193173066656,2,0
1953632,67,2.1162619590759277,12.165615640519555,3,0
1953632,68,2.6544098854064937,10.992044053441733,3,0
1953632,69,1.8651118278503418,10.926068928212034,5,0
1953632,70,1.0159106254577637,2.923073131727488,2,0
1953632,71,2.540655136108398,11.83655663669039,4,0
1953632,72,1.8514213562011719,6.586770261076795,3,0
1953632,73,2.2066640853881836,8.429682588104592,2,0
1953632,74,1.3676252365112305,5.132330746681163,6,0
1953632,75,1.7772917747497559,6.298309045706755,3,1
1953632,76,3.2957019805908203,14.705659809598895,4,0
1953632,77,0.5086593627929688,1.1817661897927245,2,0
1953632,78,2.4002103805541988,10.240261361936446,3,0
1953632,79,3.045747756958008,13.397726350165065,5,0
1953632,80,4.495117187499999,24.61681701921384,4,0
1953632,81,2.7368011474609375,17.064516877091062,5,1
1953632,82,2.0838851928710938,8.150334347030633,1,0
1953632,83,1.3157925605773926,5.143926719399184,2,0
1953632,84,1.4001674652099607,4.346140290922284,3,0
1953632,85,3.8276891708374023,17.239335738118463,2,1
1953632,86,3.0303096771240234,13.141513407990187,5,1
1953632,87,4.107734680175781,23.400172985931295,4,1
1953632,88,2.5203843116760254,10.313550270725798,2,0
1953632,89,1.4488754272460938,6.82793272100337,6,1
1953632,90,0.6788663864135742,1.5429046051601816,2,0
1953632,91,3.666782855987549,17.525879849736842,2,0
1953632,92,0.6474475860595703,1.2333537710661147,1,0
1953632,93,3.29435396194458,15.516385797225968,1,0
1953632,94,0.0,0.0,0,0
1953632,95,1.076059103012085,4.168903266214446,3,0
1953632,96,2.3938708305358887,10.168914372229239,2,0
1953632,97,0.775580883026123,1.8801475496223385,5,1
1953632,98,1.9748377799987793,9.530140522407443,1,0
1953632,99,0.0,0.0,0,0
1953632,100,1.4320778846740723,4.771130125548858,1,0
1953632,101,2.236457824707031,10.88012176039254,2,1
1953632,102,1.356156349182129,4.2141607539494785,1,0
1953632,103,0.2963237762451172,0.37629123284414695,2,0
1953632,104,4.414017677307129,24.606040851924885,4,1
1953632,105,2.3725461959838867,9.966627423256138,5,0
1953632,106,1.7718853950500488,7.5914517287558265,4,0
1953632,107,1.2524628639221191,5.407626145638902,6,0
1953632,108,1.5474958419799802,5.020995374381867,3,0
1953632,109,1.5422215461730955,6.057603069454117,3,0
1953632,110,2.7605915069580074,12.9879904001342,4,0
1953632,111,0.0,0.0,0,0
1953632,112,3.355790615081787,15.76511857978353,2,0
1953632,113,2.1275577545166016,8.849716061641368,3,0
1953632,114,0.0,0.0,0,0
1953632,115,0.5654096603393555,1.3263042535749232,1,0
1953632,116,1.5086164474487302,7.212357991469237,2,1
1953632,117,2.5530586242675777,10.097026078993188,3,0
1953632,118,1.469090461730957,5.984798088482704,6,1
1953632,119,1.5074491500854492,6.204392054656599,4,0
1953632,120,0.6792612075805663,1.924861320231096,4,0
1953632,121,0.4862222671508789,0.8964805804272891,1,0
1953632,122,3.818967819213867,18.52492443408443,4,0
1953632,123,1.23897123336792,4.913057154718534,6,1
1953632,124,2.169239044189453,11.559960323518151,4,1
1953632,125,0.7724151611328124,1.730004615496237,3,0
1953632,126,0.40608692169189453,0.7145690109948204,1,0
1953632,127,0.06475496292114258,0.0,1,0
1953632,128,2.937859535217285,18.528281021911685,4,1
1953632,129,1.9072046279907227,8.088225573444523,4,1
1953632,130,2.3453378677368164,9.252938980106668,2,0
1953632,131,2.4445810317993164,11.352827286150768,5,0
1953632,132,1.3169021606445312,3.7680262032768375,2,0
1953632,133,0.6984138488769531,1.5536646820405309,2,0
1953632,134,1.579451084136963,6.360929049673407,5,0
1953632,135,4.442567825317383,22.396077155831257,2,0
1953632,136,1.8542909622192383,7.266591910134182,3,1
1953632,137,2.420854568481445,10.738309137114891,3,0
1953632,138,0.9061694145202637,4.281734905026356,4,0
1953632,139,1.6863594055175781,7.369833295685789,2,0
1953632,140,5.157735347747803,30.61330744180639,5,1
1953632,141,0.4093952178955078,1.172413170560124,2,0
1953632,142,1.8920073509216309,8.571059950733101,4,0
1953632,143,2.7240176200866695,15.64310334001535,2,1
1953632,144,1.8858509063720703,7.910703025515842,3,0
1953632,145,3.4812536239624023,17.17336204857828,4,0
1953632,146,2.1293544769287105,10.342406185488702,4,0
1953632,147,2.5661683082580566,10.534309923183564,5,1
1953632,148,1.132643699645996,3.847203250035053,2,0
1953632,149,0.0,0.0,0,0
1925299,0,2.399763584136963,13.261030043301318,5,0
1925299,1,0.6100163459777831,1.451224151372361,3,0
1925299,2,0.7914457321166991,2.2600613819264,3,0
1925299,3,0.4822349548339844,1.1019781017260895,1,0
1925299,4,0.3389110565185547,0.5996783854527326,1,0
1925299,5,0.9176239967346191,2.8182944353372816,1,0
1925299,6,0.5781445503234863,1.5986479951998553,2,0
1925299,7,0.8755674362182617,2.9729074759579524,4,0
1925299,8,2.440135955810547,11.154109767858161,6,1
1925299,9,1.2610149383544922,4.181257973302812,2,0
1925299,10,0.444821834564209,1.0488861479448783,1,0
1925299,11,2.717959403991699,15.86387803429415,4,1
1925299,12,1.2129487991333006,4.741118049632395,2,1
1925299,13,1.0372486114501953,3.702839161758633,2,0
1925299,14,0.9319782257080078,3.321420555081593,4,0
1925299,15,2.274051666259765,9.662336228730068,3,0
1925299,16,1.8913054466247559,6.805306294721594,2,0
1925299,17,0.057392120361328125,0.08049191845967357,1,0
1925299,18,2.159260272979736,8.074921654008417,3,1
1925299,19,0.5229401588439941,1.1870332305596083,3,0
1925299,20,0.5605230331420898,0.9627973051837538,2,0
1925299,21,3.2610654830932617,17.05756674694086,2,0
1925299,22,1.8252215385437012,8.45082336229658,3,0
1925299,23,0.3715524673461914,0.6795488716277203,2,0
1925299,24,3.0709104537963863,17.79194102780824,2,1
1925299,25,2.556852340698242,11.373923713445164,1,1
1925299,26,1.1903362274169922,4.81685301708033,2,0
1925299,27,1.6257314682006836,5.7043542743646,2,0
1925299,28,1.3660397529602049,5.64982662287065,3,0
1925299,29,1.5983238220214842,8.19325370036458,3,0
1925299,30,1.9854779243469238,9.975271165056819,3,1
1925299,31,1.0971286296844482,4.6146563300238235,5,0
1925299,32,0.27471446990966797,0.5832048014326995,2,0
1925299,33,2.207804679870605,10.45740769439922,3,0
1925299,34,2.136054992675781,10.78649284108664,4,0
1925299,35,1.7295026779174802,7.597699784889078,2,1
1925299,36,1.6880779266357422,7.949708074207037,3,1
1925299,37,0.08194351196289062,0.03248613010584595,1,0
1925299,38,2.5747966766357417,12.108519625755555,4,0
1925299,39,0.8528158664703369,2.3195770507953686,4,0
1925299,40,1.7256088256835938,7.462174263272309,2,0
1925299,41,0.8683550357818604,3.382381785812384,4,0
1925299,42,0.6209683418273926,2.14593613977891,5,0
1925299,43,2.1719894409179683,8.931250161705155,3,0
1925299,44,0.6696982383728026,1.865013632596645,3,0
1925299,45,1.0289058685302732,3.009415746828743,4,0
1925299,46,1.242283821105957,4.548037094617654,2,0
1925299,47,2.0643019676208496,9.692672232258229,3,0
1925299,48,1.5920491218566892,5.680052903913772,3,0
1925299,49,0.46612977981567383,0.9596569101798846,2,0
1925299,50,1.813344955444336,8.708489828862556,3,0
1925299,51,2.5111942291259766,11.114708589605845,5,0
1925299,52,1.6754283905029297,5.428059888639316,2,0
1925299,53,2.7940759658813477,14.175441481482098,4,1
1925299,54,1.759186267852783,7.652156828972475,3,0
1925299,55,1.983828067779541,7.319530091272766,5,0
1925299,56,0.6861486434936522,2.098650671803744,3,1
1925299,57,1.355175495147705,4.847273269707517,2,0
1925299,58,1.3154549598693845,4.119386249180935,3,1
1925299,59,1.0809855461120605,3.6122904287806348,2,0
1925299,60,0.6269292831420897,1.454745609776814,3,0
1925299,61,3.0760064125061035,15.359179619646902,4,0
1925299,62,2.085799217224121,9.547771268607907,6,0
1925299,63,3.606992721557617,19.175765731475078,3,1
1925299,64,1.0249238014221191,3.841004050291354,5,0
1925299,65,0.6001231670379639,1.826682400177319,2,0
1925299,66,0.9987235069274902,3.0293739407081843,3,0
1925299,67,1.520914077758789,4.552978444429493,1,0
1925299,68,1.2934789657592773,6.5982350217788674,5,0
1925299,69,1.3927202224731445,4.63135378762351,5,0
1925299,70,1.8058385848999023,7.2236170007661356,1,0
1925299,71,1.4643354415893552,5.451352424840326,3,0
1925299,72,0.7732701301574706,2.578753181257122,2,1
1925299,73,1.1872339248657227,3.9962289719772253,2,0
1925299,74,1.2079696655273435,3.503209483313218,3,0
1925299,75,2.8833842277526855,13.093953273705614,4,0
1925299,76,1.4403610229492185,5.730554056970414,3,0
1925299,77,0.5920519828796386,1.2899874031610519,3,0
1925299,78,0.6667833328247069,1.83928636761272,3,0
1925299,79,2.4248361587524414,9.94910681183692,2,0
1925299,80,3.3127369880676265,19.789530221888263,3,0
1925299,81,4.204996585845947,25.89657599453979,2,1
1925299,82,1.3707923889160154,5.496092398924391,4,0
1925299,83,1.1819396018981931,4.098857611691466,3,0
1925299,84,2.2953534126281734,9.342502596034064,3,0
1925299,85,0.9927997589111328,2.84713217876485,1,0
1925299,86,2.4332213401794434,11.208767380964334,5,0
1925299,87,0.875359535217285,2.909881396481553,3,0
1925299,88,4.532755851745605,23.824373372909353,3,1
1925299,89,1.4106359481811521,5.335312010198346,3,0
1925299,90,2.7081165313720703,20.273159388643833,4,2
1925299,91,1.4298090934753418,5.4556737505736015,4,1
1925299,92,1.4001579284667969,5.748812026025644,2,0
1925299,93,0.8311266899108887,3.2133200814747727,4,0
1925299,94,1.6925559043884277,7.072924797283646,4,0
1925299,95,0.22593021392822266,0.34282601248475536,1,0
1925299,96,1.8748645782470703,10.095856338300313,6,2
1925299,97,1.1885323524475095,3.7827538489766304,3,0
1925299,98,3.474292755126953,23.302782859143765,4,2
1925299,99,0.9609136581420898,3.666311087388421,4,0
1925299,100,1.3348102569580078,4.900752024488227,4,1
1925299,101,1.0183401107788086,3.0186050644561466,2,0
1925299,102,2.9221892356872554,13.796657890504317,3,0
1925299,103,0.5893173217773438,1.6789221492788553,2,0
1925299,104,0.7416348457336426,2.39479469731006,4,0
1925299,105,3.5338344573974605,14.821200112705508,2,1
1925299,106,0.0,0.0,0,0
1925299,107,0.6242341995239258,1.2870868853707471,1,0
1925299,108,1.1519246101379392,3.311967412554563,3,0
1925299,109,1.1232600212097166,3.375519785131246,3,0
1925299,110,2.090083122253418,8.733490915568654,2,0
1925299,111,1.5923919677734373,5.59612143062223,3,0
1925299,112,2.1796059608459473,10.291550082940475,5,1
1925299,113,2.2040634155273438,8.202516507600576,2,0
1925299,114,1.7945566177368164,6.908447953096115,3,0
1925299,115,1.0972871780395508,3.3042983873235983,1,0
1925299,116,1.6369199752807617,5.988575081070925,2,0
1925299,117,1.156081199645996,4.318177115025361,2,0
1925299,118,2.2347817420959473,11.240617474627287,2,0
1925299,119,0.5394763946533202,1.4499650932286787,3,0
1925299,120,0.0,0.0,0,0
1925299,121,0.955265998840332,2.803884180662664,2,0
1925299,122,1.0655426979064941,3.4552440741761465,3,0
1925299,123,1.68870735168457,6.314121320761526,3,0
1925299,124,1.3278236389160156,3.836960727188446,2,0
1925299,125,2.7393007278442383,15.331738072632136,2,0
1925299,126,1.6902132034301758,6.745860756018926,1,0
1925299,127,2.375955581665039,9.23650151233181,6,1
1925299,128,2.0669326782226562,15.103728901252415,3,1
1925299,129,1.2178068161010742,4.238635936342483,1,0
1925299,130,3.035488128662109,15.052583814797172,3,0
1925299,131,1.1576919555664062,3.629618767637368,2,0
1925299,132,1.9176092147827148,7.577396807799875,4,0
1925299,133,1.567397117614746,5.110541259772622,3,1
1925299,134,1.1532211303710938,3.474898311160827,5,0
1925299,135,1.225904941558838,4.250539919481648,2,0
1925299,136,2.1881608963012695,8.36254907860528,2,0
1925299,137,3.1728382110595703,14.666390613983554,3,1
1925299,138,0.0,0.0,0,0
1925299,139,0.5508098602294922,1.1333500508816172,1,0
1925299,140,1.120872974395752,3.472594927626097,2,0
1925299,141,1.3627071380615234,4.226321631581352,2,0
1925299,142,0.32224082946777344,0.5902175276460223,1,0
1925299,143,1.2305746078491209,4.066117544420348,4,0
1925299,144,0.4215507507324219,0.8246891340336734,2,0
1925299,145,0.8813705444335936,2.578167669696835,3,0
1925299,146,1.1794734001159668,3.9715562807071487,1,0
1925299,147,1.2485160827636719,3.9458671332614497,2,0
1925299,148,0.5335869789123535,1.786213601927981,2,0
1925299,149,0.438551664352417,0.7407058010284775,2,0
1899585,0,1.3507437705993652,4.905358246283042,6,0
1899585,1,2.4187917709350586,12.913840098286801,4,1
1899585,2,0.0,0.0,0,0
1899585,3,3.1078529357910156,13.643471464956958,5,1
1899585,4,0.3286004066467285,0.5769837583869418,1,0
1899585,5,2.1758713722229,10.19032948408668,3,1
1899585,6,1.2718610763549805,3.1975966566225322,1,0
1899585,7,0.4800424575805664,1.0240834199578348,2,0
1899585,8,1.3253521919250488,5.02592869106761,5,0
1899585,9,1.0272321701049802,2.836077135193416,4,0
1899585,10,2.207283973693847,13.694013585750364,2,1
1899585,11,0.8667640686035155,2.771243483080865,3,0
1899585,12,2.490774154663086,10.391568600335521,1,0
1899585,13,0.7172107696533203,1.5652145979068044,1,0
1899585,14,0.0,0.0,0,0
1899585,15,1.424628734588623,4.722344216326512,2,0
1899585,16,1.5854434967041016,5.667949117491301,2,0
1899585,17,1.0821871757507324,3.181945168067095,2,0
1899585,18,1.2165288925170896,3.958416801372785,3,0
1899585,19,1.3659634590148924,4.677924261365786,3,0
1899585,20,2.281345844268799,9.679721666173275,2,0
1899585,21,1.1751770973205566,3.968978317295751,4,1
1899585,22,0.1021718978881836,0.023942488802757466,1,0
1899585,23,1.328969955444336,4.6643576962657605,2,0
1899585,24,1.9600510597229004,10.876401088405762,6,1
1899585,25,1.720531940460205,8.745097177520556,4,1
1899585,26,0.7704539299011229,2.758758730139761,3,0
1899585,27,2.8323469161987305,13.2463202135013,2,0
1899585,28,1.2766594886779783,4.5608616051043045,3,0
1899585,29,2.0664281845092773,6.771283140204203,3,0
1899585,30,0.0,0.0,0,0
1899585,31,1.2937126159667967,4.694417916106433,2,1
1899585,32,0.5372047424316406,1.4423252869457042,1,0
1899585,33,2.1619963645935054,8.373883646213812,3,0
1899585,34,1.035421371459961,4.860069211411905,5,0
1899585,35,1.1793107986450195,4.572116146938047,2,0
1899585,36,1.8651809692382812,7.1737295725954375,2,1
1899585,37,2.333650588989258,8.960120822241192,5,0
1899585,38,0.38596153259277344,0.6657261027623631,2,0
1899585,39,3.0365567207336426,14.242451834563623,2,0
1899585,40,5.072408676147461,33.994461185542825,1,1
1899585,41,2.3134951591491695,11.061602629639737,4,0
1899585,42,2.0104460716247554,8.132058382766667,4,0
1899585,43,0.27849197387695307,0.4810201711814951,4,0
1899585,44,1.79579496383667,8.120599030850988,3,0
1899585,45,1.7742900848388672,7.131020012553176,4,1
1899585,46,1.7654891014099119,6.059753296438294,3,0
1899585,47,4.281030654907227,19.364075170754106,4,1
1899585,48,1.4022588729858396,7.938847437995971,3,1
1899585,49,3.774481773376465,16.083685313622887,2,1
1899585,50,0.7404890060424804,2.2257441539842104,3,0
1899585,51,1.4922428131103513,6.258751825995073,2,1
1899585,52,1.2167496681213377,4.277243527930539,3,0
1899585,53,3.3041791915893555,13.19449457908733,4,1
1899585,54,1.8489875793457031,8.293796111913371,2,1
1899585,55,2.4290552139282227,10.610149135481098,2,0
1899585,56,2.142168521881103,10.919132173815061,4,0
1899585,57,1.8026123046875,7.471729911031525,3,0
1899585,58,4.689453601837157,26.474824550848904,3,0
1899585,59,1.1596779823303223,4.328173641262302,6,0
1899585,60,1.4253520965576172,4.204422501974524,2,0
1899585,61,1.5481338500976562,5.11080876520184,3,1
1899585,62,3.032552719116211,17.944063203114744,5,1
1899585,63,1.3299224376678465,6.661302681402583,3,0
1899585,64,0.4030265808105469,0.9371254713669126,1,0
1899585,65,2.9494514465332027,12.016706849228315,2,1
1899585,66,1.1859102249145508,4.154106541014121,2,0
1899585,67,0.0,0.0,0,0
1899585,68,0.382242202758789,0.9671336572029341,3,0
1899585,69,2.632483959197998,12.480979416602954,2,0
1899585,70,0.5269064903259277,1.4133664537399793,2,0
1899585,71,1.006429672241211,2.877488124987721,1,0
1899585,72,0.9282107353210449,2.7513373571029462,3,0
1899585,73,3.024666786193847,13.512349740962271,3,0
1899585,74,2.2773952484130855,12.362182488107939,3,1
1899585,75,0.0,0.0,0,0
1899585,76,3.2265987396240234,17.17141846592247,1,0
1899585,77,0.4223451614379883,0.7978002733752971,2,0
1899585,78,0.8849902153015137,2.387446725181682,2,0
1899585,79,3.9643020629882812,21.57733867252394,4,1
1899585,80,1.0935544967651367,3.0645795566794054,6,0
1899585,81,1.1284914016723633,3.28603954433324,2,0
1899585,82,0.4539775848388672,0.9678652499328064,3,0
1899585,83,2.25859785079956,12.45468832327758,2,1
1899585,84,3.1279220581054683,13.41309278737142,3,0
1899585,85,0.0639791488647461,0.04469899600385006,1,0
1899585,86,0.0,0.0,0,0
1899585,87,1.7111635208129883,6.215881275316514,5,0
1899585,88,3.0176496505737305,19.147819668327887,3,1
1899585,89,3.711853504180908,21.007038489285442,1,0
1899585,90,1.2378087043762207,4.3989246601337095,2,0
1899585,91,1.7104268074035645,7.5754914850398025,4,0
1899585,92,2.3988032341003414,10.87174939829055,3,0
1899585,93,1.1482429504394531,3.3864036197191227,2,0
1899585,94,0.4260063171386719,0.7046990847372945,1,0
1899585,95,1.1818389892578123,3.6737548036069576,4,0
1899585,96,3.402869701385498,15.925859934115788,4,0
1899585,97,0.7562870979309082,2.672332561262878,2,0
1899585,98,1.1319808959960938,3.899714580758864,5,0
1899585,99,1.3462376594543455,5.700758909978454,3,0
1899585,100,1.541731834411621,5.158995630682352,2,0
1899585,101,0.0,0.0,0,0
1899585,102,1.771855354309082,6.851733665035167,3,0
1899585,103,1.8448858261108398,6.428576748883043,2,1
1899585,104,2.3048806190490723,12.556494047951027,5,1
1899585,105,2.5970020294189453,11.086505643184156,4,1
1899585,106,2.609829902648926,9.310159626188067,3,2
1899585,107,1.5281577110290525,5.3975182123887135,3,0
1899585,108,1.4276657104492188,4.917782661844019,3,1
1899585,109,2.3809623718261714,9.662741394272404,3,0
1899585,110,1.468635559082031,6.258539005250652,3,0
1899585,111,3.110971450805664,14.256353715537585,4,0
1899585,112,1.555192947387695,5.990133150294369,3,0
1899585,113,0.4429044723510742,1.184829375165805,2,0
1899585,114,3.255331993103027,15.783840194556403,3,0
1899585,115,2.8521575927734375,15.12384622208399,3,1
1899585,116,5.025056838989258,42.038163300547076,4,1
1899585,117,1.9731402397155762,7.9988838953462285,1,0
1899585,118,1.9466023445129395,7.319036021688407,3,0
1899585,119,0.5827293395996094,1.5908925387438715,5,0
1899585,120,0.0,0.0,0,0
1899585,121,2.384684085845947,10.967711937525785,3,0
1899585,122,2.5709052085876465,11.000977180434655,2,0
1899585,123,2.4349565505981445,16.305799280037213,6,1
1899585,124,1.1187481880187988,4.211898168485665,2,0
1899585,125,3.107054710388183,17.27996847345891,2,1
1899585,126,3.499630928039551,15.216381535842618,3,1
1899585,127,1.8382034301757812,7.034347827350294,2,0
1899585,128,0.7507781982421875,1.9062053935095662,3,1
1899585,129,0.03750944137573242,0.0,1,0
1899585,130,0.2526512145996094,0.3968677640974294,3,0
1899585,131,1.3347558975219727,3.402051966342255,1,0
1899585,132,2.216194152832031,8.435989574017292,3,0
1899585,133,0.2828683853149414,0.5416684684058306,1,0
1899585,134,1.109058380126953,3.444900448300202,4,0
1899585,135,0.10197782516479492,0.13215611064879676,1,0
1899585,136,2.2904949188232417,11.853402465838538,4,0
1899585,137,0.8683872222900391,2.329386651106578,2,0
1899585,138,1.3518724441528318,5.054694318347968,3,0
1899585,139,0.7071924209594725,1.8414838644974083,3,0
1899585,140,1.9968695640563965,8.745208715720906,3,0
1899585,141,1.2184114456176758,3.4922729257993708,1,0
1899585,142,0.5426325798034668,1.242036294073036,1,0
1899585,143,2.5735974311828613,11.994479922542695,2,0
1899585,144,2.863532543182373,12.199751036751058,1,0
1899585,145,2.902486801147461,13.338261669777896,4,0
1899585,146,1.22027587890625,3.565377783008838,2,0
1899585,147,2.883005142211914,11.076355223123125,1,0
1899585,148,0.6027264595031738,1.5906890303334633,2,0
1899585,149,1.2191267013549802,4.294415394735669,3,0
1886347,0,1.7528810501098633,7.924448629845422,4,0
1886347,1,3.140925407409668,19.784289573374217,3,1
1886347,2,2.0231547355651855,7.526133742120488,1,0
1886347,3,1.6639695167541502,6.406562223688652,3,0
1886347,4,0.7135229110717773,2.364950664376148,1,0
1886347,5,0.48549699783325195,1.2418656639088501,3,0
1886347,6,1.8886833190917969,6.203300140031717,3,0
1886347,7,2.5042858123779292,11.963896770484205,4,0
1886347,8,1.4088439941406248,4.817992925080976,4,0
1886347,9,1.2242522239685056,4.896043756731823,4,0
1886347,10,0.4818592071533203,1.077107835682172,2,0
1886347,11,3.5551233291625977,18.405906805027143,2,0
1886347,12,4.682853698730469,30.891494925126757,3,2
1886347,13,2.009395599365234,8.48946421279332,4,0
1886347,14,4.2271246910095215,20.8603516618147,3,0
1886347,15,2.0477714538574214,8.77640062746624,4,0
1886347,16,2.261282444000244,8.158762485895098,4,1
1886347,17,2.6384687423706055,11.218022415983663,1,0
1886347,18,1.5860085487365723,6.032291147993428,2,0
1886347,19,0.9500179290771484,2.4202934309393704,4,0
1886347,20,1.9127998352050781,9.359813703889891,3,0
1886347,21,2.1928563117980953,8.938857659610136,3,0
1886347,22,3.1627140045166016,16.37669486974722,5,1
1886347,23,1.0564079284667969,2.7763236794099075,3,0
1886347,24,2.1451616287231445,10.250193771554185,2,0
1886347,25,1.9655404090881348,10.143226541209591,3,0
1886347,26,0.9679279327392578,2.7079746311875303,3,0
1886347,27,3.1866359710693355,13.265782681967313,3,0
1886347,28,1.729212760925293,8.131808520658861,4,0
1886347,29,1.1512241363525388,3.279837430579104,2,1
1886347,30,0.49408817291259766,1.412145112091138,1,0
1886347,31,1.6209373474121094,6.331124063444819,2,0
1886347,32,3.4311366081237793,16.126780507117243,2,0
1886347,33,2.9100217819213863,12.901701697068079,3,0
1886347,34,1.152122974395752,3.8097682448047303,2,0
1886347,35,1.8324670791625977,7.946603027776405,4,0
1886347,36,1.8789844512939453,8.738401987790597,2,1
1886347,37,1.1761674880981443,3.4656379468862357,2,1
1886347,38,1.9207324981689453,8.323443134802673,3,0
1886347,39,3.716777801513672,18.678752649336175,2,0
1886347,40,0.0,0.0,0,0
1886347,41,1.4504346847534177,5.1067967622113475,3,0
1886347,42,1.7839994430541992,7.416751701953828,4,0
1886347,43,2.3131613731384273,11.657638236106289,4,0
1886347,44,3.1923589706420894,15.119971365817136,2,1
1886347,45,1.085628032684326,4.280245257315185,3,0
1886347,46,0.06195545196533203,0.0,1,0
1886347,47,0.0,0.0,0,0
1886347,48,1.9441800117492676,7.310158784408249,5,0
1886347,49,2.2003774642944336,9.46196905076323,6,0
1886347,50,0.5977511405944824,1.5064252260770814,1,0
1886347,51,0.6341319084167479,1.5181804784264428,3,0
1886347,52,0.982548713684082,2.0327542950623014,0,1
1886347,53,1.0656919479370117,2.850135952759009,3,0
1886347,54,3.1954383850097656,12.13975829444096,4,0
1886347,55,1.7553434371948242,5.983790179565494,2,0
1886347,56,2.709980010986328,11.62696185616677,2,0
1886347,57,0.5492849349975586,1.199810661383682,2,0
1886347,58,0.7333669662475585,2.1552926735418416,3,0
1886347,59,2.3916854858398433,13.092052957521615,3,1
1886347,60,1.9173812866210938,8.208746914845829,2,0
1886347,61,1.1341099739074707,3.5261700798822617,2,0
1886347,62,1.7794098854064941,8.607024763383054,3,0
1886347,63,1.8287358283996582,7.6127461587448755,4,0
1886347,64,1.9147891998291016,10.292387981874588,1,1
1886347,65,0.37938499450683594,0.673050697661138,1,0
1886347,66,1.8695926666259766,7.363118307286605,3,0
1886347,67,0.6298608779907225,1.135289831724466,2,1
1886347,68,2.196771621704101,9.108352174994643,3,0
1886347,69,2.2732625007629395,10.578128638555125,4,1
1886347,70,0.7659368515014648,2.6329725514378333,5,0
1886347,71,0.4611043930053711,0.9531016215559416,1,0
1886347,72,1.9901351928710938,8.830864648814062,3,0
1886347,73,0.7045392990112305,1.5554643633988976,2,0
1886347,74,2.8162264823913574,12.145954697596174,5,0
1886347,75,4.523287296295166,24.11697779111799,2,0
1886347,76,1.0603508949279785,3.0734465797850055,2,0
1886347,77,3.478838443756103,16.966732134056425,3,0
1886347,78,1.9812288284301758,9.068644327228036,4,0
1886347,79,3.2728881835937496,15.418453043932857,3,0
1886347,80,1.041952133178711,4.06096544531879,2,0
1886347,81,3.070193290710449,12.883484902967853,2,0
1886347,82,0.0,0.0,0,0
1886347,83,2.159749031066894,10.348900114104126,3,0
1886347,84,1.5241174697875977,4.843257023294812,2,0
1886347,85,0.9867777824401855,2.827281176825163,1,0
1886347,86,1.2679996490478513,5.426429795495848,3,0
1886347,87,2.9337539672851562,14.171235660504697,3,1
1886347,88,0.9610433578491211,2.255768446520922,1,0
1886347,89,1.8572883605957031,8.492033549646525,5,0
1886347,90,1.0717263221740723,3.4592903423089676,2,0
1886347,91,0.0,0.0,0,0
1886347,92,1.025496482849121,2.6801187939531688,1,0
1886347,93,2.157407283782959,8.998707887513259,1,0
1886347,94,1.8236579895019531,8.552310398489855,4,0
1886347,95,0.6141829490661621,1.464778547614607,2,0
1886347,96,1.084548473358154,4.156525890182748,4,0
1886347,97,0.8843569755554199,2.397905162259555,4,0
1886347,98,1.0208933353424072,3.9824618143417827,1,0
1886347,99,1.9244775772094727,6.344209632574555,1,0
1886347,100,1.4345602989196777,5.649870468094623,2,0
1886347,101,2.3805022239685054,9.93127543938535,4,0
1886347,102,1.3283567428588865,4.598786983747877,4,0
1886347,103,0.8019399642944336,1.92536909334694,2,0
1886347,104,0.49514293670654297,1.2531056354599448,4,0
1886347,105,1.0417685508728025,3.4255665884845574,4,0
1886347,106,3.6794958114624023,17.287712400454634,5,0
1886347,107,1.2279701232910156,3.6650354239985075,2,0
1886347,108,1.3312592506408691,6.07806637039224,4,1
1886347,109,1.1233949661254883,3.927705419151891,2,0
1886347,110,0.48130130767822266,0.9722172844742465,2,0
1886347,111,0.0248260498046875,0.0,1,0
1886347,112,0.8524475097656249,2.0910707531164845,3,0
1886347,113,1.1570348739624023,3.5908774442153146,2,0
1886347,114,0.0,0.0,0,0
1886347,115,0.0,0.0,0,0
1886347,116,2.3435578346252437,13.302005705456745,2,1
1886347,117,1.9564151763916016,7.02141892880588,1,0
1886347,118,2.143653869628906,9.334279138904627,3,1
1886347,119,1.9214086532592773,7.909463934026175,4,0
1886347,120,0.13628816604614258,0.18543982589533448,1,0
1886347,121,2.9955873489379883,12.201474589119293,1,0
1886347,122,4.348850727081298,23.38111481980171,4,0
1886347,123,1.5141901969909668,5.392657348983137,1,0
1886347,124,2.3878374099731445,9.262844597610169,2,0
1886347,125,0.5019221305847168,1.4683340372955094,3,0
1886347,126,1.371800899505615,5.961608600242527,3,0
1886347,127,1.7704553604125977,6.012918918145011,2,0
1886347,128,2.12172794342041,9.274043371197143,3,0
1886347,129,1.5484447479248045,5.3410210106937415,3,0
1886347,130,2.229206562042236,9.803864971087139,3,0
1886347,131,1.7875385284423828,7.2528479633063005,2,0
1886347,132,0.9499092102050781,3.06555198041542,2,0
1886347,133,1.9522438049316406,7.189600560953917,2,0
1886347,134,1.2918457984924316,5.499680016678951,2,0
1886347,135,2.370659828186035,9.90971052731143,1,0
1886347,136,1.5182294845581055,6.521293009168388,7,1
1886347,137,2.1207847595214844,11.060814303524992,1,1
1886347,138,1.7557268142700193,7.540486776830701,3,0
1886347,139,0.0,0.0,0,0
1886347,140,1.5709285736083982,5.864675281091526,3,0
1886347,141,3.306214809417724,14.849025088109801,3,0
1886347,142,2.116323947906494,8.32542764766916,3,0
1886347,143,3.1523561477661133,18.324414694399746,3,1
1886347,144,2.0426979064941406,9.389978733282799,2,0
1886347,145,4.225231647491455,20.353228189764533,2,0
1886347,146,0.45720481872558594,0.8388184510782137,1,0
1886347,147,3.4360485076904292,16.579675553812468,3,0
1886347,148,1.2881817817687986,5.88984701487255,3,0
1886347,149,1.56557035446167,7.410045999994037,2,0
