delta,mean_ch,mean_sil,mean_ic,n
0.25,89370.17843727242,0.08485160861419946,4.45744559875817,43681
0.5,24622.39462171933,0.08583049037388034,4.450996794318966,43681
0.75,10794.830672577591,0.09005970611221278,4.438832416934533,43681
1.0,5618.357595156,0.09465606494921618,4.420551795005731,43681
1.25,3644.8723374477677,0.1000009555084655,4.396811270435485,43681
1.5,2100.918775882472,0.10658940752142959,4.368350267640393,43681
1.75,1586.0963706118746,0.11371538798824896,4.335661149537166,43681
2.0,1182.3516216298337,0.12193566392042576,4.299501473933289,43681
2.25,927.8015383480721,0.13061676902206856,4.260262356473289,43681
2.5,658.6437533152758,0.140203070651418,4.217633753379477,43681
2.75,535.3551189761625,0.15048861116180998,4.171948618188198,43681
3.0,413.5882167696391,0.16095386497526373,4.124933264976649,43681
3.25,342.95278167705396,0.17147672907616732,4.075146423292129,43681
3.5,235.26255562197625,0.18286345603659193,4.022856448345573,43681
3.75,198.2938727635181,0.19378223090819324,3.9683079238581827,43681
4.0,165.9016754637234,0.20425481347847402,3.912344049327951,43681
4.25,143.86406454979976,0.21456484390109917,3.8534034623301894,43681
4.5,125.03346494790554,0.2241536122214505,3.7928835275073975,43681
4.75,110.32108260222313,0.23279015845935738,3.7296168650139867,43681
5.0,95.91596331793254,0.24055995018250328,3.663345229230237,43681
5.25,85.54223091385397,0.24761821462024022,3.595763272935421,43681
5.5,70.41871117511502,0.25388446379135055,3.524731742638324,43681
5.75,62.57942248582121,0.2587717803918941,3.451999115852464,43681
6.0,53.790631354008056,0.26285132406808226,3.376525157531163,43681
6.25,48.34681072748426,0.2658947627659957,3.29773123996084,43681
6.5,43.82460411349289,0.2682412789860978,3.2181306384507353,43681
6.75,39.85503754319059,0.26984560964332077,3.135454352241794,43681
7.0,36.27095099496296,0.27041426938749163,3.0508692953534804,43681
7.25,33.10138417826348,0.26997670121373374,2.9631070046850474,43681
7.5,30.35956835032473,0.2699185871554215,2.8738358769862242,43681
7.75,27.991681683421803,0.26866384481208455,2.782350826217473,43681
8.0,25.894106789631387,0.26731877312387736,2.6895682739230273,43681
8.25,24.018900929945488,0.2653716803799135,2.595461752204397,43681
8.5,22.307760399093322,0.2634266225400479,2.499226851911369,43681
8.75,20.801668387400166,0.2609543869934473,2.402215917285846,43681
9.0,19.468155349132505,0.2583362687430603,2.30589231886953,43681
9.25,18.301356102280035,0.2557889545955685,2.2096534118165416,43681
9.5,17.214369557299236,0.2532417531377907,2.1120474129062234,43681
9.75,16.287332258417234,0.2513754216182597,2.0156750057406847,43681
10.0,15.445314701437537,0.24970449211416654,1.9201312396410672,43681
10.25,14.691984405085154,0.24822318923042264,1.8261872925529108,43681
10.5,14.015200492545635,0.24717921030169768,1.7339689504615015,43681
10.75,13.42167489932759,0.24690463439965182,1.6438409207424773,43681
11.0,12.869950978291456,0.24685604039461131,1.5564902865862749,43681
11.25,12.400721214543495,0.2478767534290676,1.4693794641012479,43681
11.5,11.965292171015196,0.2496037733344124,1.3870864923442012,43681
11.75,11.5726071293993,0.2519624976748958,1.3087558396062515,43681
12.0,11.225526475102088,0.25512266920738824,1.232654147878245,43681
12.25,10.920484044141777,0.2588919769719496,1.1621719456271244,43681
12.5,10.653336410457594,0.2634476339287418,1.0940646801680975,43681
12.75,10.431984400673784,0.26919447721917517,1.031322466267565,43681
13.0,10.23160917757876,0.2755765476073845,0.9715266069619821,43681
13.25,10.048382138194544,0.2819028741996417,0.915114839377725,43681
13.5,9.90356157873097,0.2892720131935241,0.8636034842950977,43681
13.75,9.766504056498457,0.2965920302633842,0.815938421518223,43681
14.0,9.654964869352687,0.30429870072337734,0.7715030726255016,43681
14.25,9.562560006989115,0.3128557315875927,0.7304264444389346,43681
14.5,9.489637265119574,0.3216345846595278,0.6919347526710609,43681
14.75,9.42628027769715,0.3306011418107506,0.6568317108380417,43681
15.0,9.373835243616666,0.3389931854681108,0.6249090269010431,43681
15.25,9.320943319485009,0.3474331849001005,0.595104896606024,43681
15.5,9.291087137794106,0.3557918381280678,0.568279358806476,43681
15.75,9.266033289872087,0.3638607084145687,0.5439318991636186,43681
16.0,9.232691600289801,0.37177080400925355,0.5206556633097282,43681
16.25,9.21097876554463,0.3794761897893338,0.5010658089463117,43681
16.5,9.183235295381182,0.38689936291087107,0.4817626599794953,43681
16.75,9.169038433126389,0.39400843388332185,0.4647248970387426,43681
17.0,9.16144544330339,0.400585915925683,0.4492919943965874,43681
17.25,9.149457048238888,0.40656099363489007,0.43567993888693307,43681
17.5,9.144646873223598,0.4123753111332223,0.4230042879712792,43681
17.75,9.140748772698966,0.4182921923450691,0.4108021354269901,43681
18.0,9.134007978414612,0.4235981105875883,0.39968528175149987,43681
18.25,9.128557824149746,0.42887570474235615,0.3891314282318302,43681
18.5,9.127470640690643,0.4336776103662621,0.37966155031481996,43681
18.75,9.129948939627628,0.4383680954349159,0.37079646917944425,43681
19.0,9.132966813766675,0.4431739617950273,0.36198793755508435,43681
19.25,9.138187059077792,0.44737817097551164,0.3543322294558364,43681
19.5,9.141468072840441,0.4515819170315022,0.34669025161948547,43681
19.75,9.143724203023702,0.45562445790892175,0.33944975269618605,43681
20.0,9.147331955903557,0.45948332542192083,0.33248323317873507,43681
20.25,9.160613620808636,0.4631102638364586,0.32612259970684804,43681
20.5,9.176342949729232,0.46689427349270873,0.3194246829980629,43681
20.75,9.185959388036958,0.4702576409040636,0.31326592988273905,43681
21.0,9.199337581429232,0.4735131723816567,0.3073061681661517,43681
21.25,9.217830007996103,0.47685058093902616,0.3012254445229257,43681
21.5,9.23954141359104,0.4799704721092078,0.29550474576656843,43681
21.75,9.263301483642953,0.48311675769110646,0.28968565543410174,43681
22.0,9.291423827400031,0.4860221713548019,0.28420671380497575,43681
22.25,9.328066584057712,0.48913406360464073,0.27840609506206704,43681
22.5,9.371149010500664,0.49210006859042493,0.2727263477363222,43681
22.75,9.419481196869786,0.49500736319896665,0.26726955302102845,43681
23.0,9.474873332052882,0.4978803316235311,0.2619101234922006,43681
23.25,9.53793422230195,0.5006944203458821,0.25660892233728694,43681
23.5,9.602874983738495,0.5034902689501082,0.2513102981187523,43681
23.75,9.676030173749123,0.506335771988132,0.2459132344005758,43681
24.0,9.753514579216674,0.5091922515815147,0.24043063217420912,43681
24.25,9.8323600115654,0.5118468708283295,0.23552318522155044,43681
24.5,9.918908581585194,0.514552341225601,0.23032710393652,43681
24.75,10.00834954787303,0.5171776483636941,0.22527381540183952,43681
25.0,10.100789496783234,0.5198705592204992,0.2202285085761864,43681
25.25,10.197682058597417,0.5224976460352493,0.21527071691597735,43681
25.5,10.303216816233187,0.525433857944067,0.209895689340109,43681
25.75,10.410641860071284,0.528228036498071,0.20469347353701248,43681
26.0,10.53386175103281,0.5312989990813048,0.1991136249274458,43681
26.25,10.652487309756115,0.5342768410833905,0.19355123224001186,43681
26.5,10.79037330802499,0.5374380925572022,0.18782295339648994,43681
26.75,10.919692074540645,0.540393983706237,0.1823715042967053,43681
27.0,11.055442197784307,0.5434440112949652,0.17686947485543517,43681
27.25,11.195668067703016,0.5464682730807572,0.1715432609441241,43681
27.5,11.352207232327332,0.549719899689941,0.16573983705346965,43681
27.75,11.502341461484347,0.5527337214793627,0.16036470184557894,43681
28.0,11.6694238501432,0.5560463492582414,0.15478753115585675,43681
28.25,11.84087305197931,0.5593026950449268,0.14936648502293126,43681
28.5,12.035548296294493,0.5629137877266339,0.14355034650458937,43681
28.75,12.233993082774791,0.5665512658205373,0.13787826491964025,43681
29.0,12.435742473674754,0.5701193583753443,0.13233415031060464,43681
29.25,12.665214562576361,0.57420397237852,0.12635649831555948,43681
29.5,12.898485065979544,0.5782399105444268,0.12074484425740775,43681
29.75,13.155948623003848,0.5826574908954774,0.11489508414338538,43681
30.0,13.426322325340344,0.5871888362525117,0.10923630330723516,43681
30.25,13.70983240945919,0.5918323326604432,0.10344351693656449,43681
30.5,13.999698567320538,0.5964414543765247,0.09801694305129409,43681
30.75,14.290750285780367,0.6009299107157673,0.09299107163421111,43681
31.0,14.607062978063256,0.6057198915464481,0.08801384260647559,43681
31.25,14.957148923919204,0.6109653109491304,0.0831037918682897,43681
31.5,15.285844876870998,0.6157548394464757,0.0785484545427299,43681
31.75,15.639056117021491,0.6207428661986648,0.07411475894862322,43681
32.0,16.013659281067284,0.6258125846678824,0.06966274200282117,43681
32.25,16.3671098614048,0.6303950006885539,0.06569929443556191,43681
32.5,16.754972876078607,0.6351961510477055,0.061656454344289444,43681
32.75,17.123992760544034,0.6397169137129376,0.0579559703988416,43681
33.0,17.479708746693063,0.643947450619238,0.05453619929754904,43681
33.25,17.85928622891835,0.6483426844626385,0.051366676970421764,43681
33.5,18.20202900284188,0.6520556938187141,0.048581903028896915,43681
33.75,18.576686594149493,0.6560704310623842,0.045833771790762784,43681
34.0,18.952869173857998,0.6599709091488857,0.04321992561555897,43681
34.25,19.29529968700137,0.6633786368242661,0.041003042060421165,43681
34.5,19.655690061060607,0.6668400003741021,0.03876180155252515,43681
34.75,20.02704712563301,0.6701796073334872,0.0365204895284602,43681
35.0,20.40591636369428,0.6736053419489992,0.034395284247968096,43681
35.25,20.775821507010484,0.6767929038401227,0.03244100673379702,43681
35.5,21.16679580120118,0.6801621428523235,0.030541693274712005,43681
35.75,21.530037160062545,0.6831786370275366,0.028843914684275888,43681
36.0,21.89282643227854,0.6860611630119452,0.02724384996954832,43681
36.25,22.285770448970975,0.6892012660927805,0.025692642192675027,43681
36.5,22.645333678903544,0.691946832597427,0.024269683877669215,43681
36.75,23.040334787969694,0.6949047864757153,0.022962760790067305,43681
37.0,23.429756772764144,0.6977469229548336,0.021759658695405738,43681
37.25,23.83875812501728,0.700524623691421,0.020556556600744173,43681
37.5,24.189752999468197,0.7029434740099234,0.01946948973348651,43681
37.75,24.526527052677974,0.7053020514758439,0.018528993679791682,43681
38.0,24.883570578943903,0.7075168967603751,0.017594604743328635,43681
38.25,25.18647323844664,0.709349132867966,0.01680678662042842,43681
38.5,25.510224795913174,0.7112917557154529,0.015994540028601067,43681
38.75,25.87001685832016,0.7135553363271987,0.015078472443833375,43681
39.0,26.16460839421611,0.7153763712498861,0.014363939727714577,43681
39.25,26.470600298116736,0.7171130018175478,0.013753228004536117,43681
39.5,26.805044880528087,0.7189871428956611,0.012995945467794826,43681
39.75,27.087900346526194,0.7204814718505552,0.012427983565238856,43681
40.0,27.36695428587954,0.7220580888474936,0.011841700310987534,43681
