sample_idx,level,cutoff_m,birth,death,p
0,individual,2.75,12.938891410827637,14.972599029541016,2.033707618713379
0,individual,2.75,11.942953109741211,12.711908340454102,0.7689552307128906
0,individual,2.75,9.431574821472168,10.366894721984863,0.9353199005126953
1,individual,2.75,9.493182182312012,10.0353422164917,0.5421600341796875
1,individual,2.75,6.486765384674072,7.0400285720825195,0.5532631874084473
1,individual,2.75,5.788376331329346,8.469305038452148,2.6809287071228027
2,individual,2.75,22.194307327270508,26.959184646606445,4.7648773193359375
2,individual,2.75,16.313396453857422,21.300228118896484,4.9868316650390625
2,individual,2.75,13.96030044555664,15.425579071044922,1.4652786254882812
2,individual,2.75,12.505934715270996,16.44570541381836,3.9397706985473633
3,individual,2.75,14.818913459777832,15.117859840393066,0.2989463806152344
3,individual,2.75,13.449732780456543,21.913240432739258,8.463507652282715
3,individual,2.75,11.252059936523438,13.2401704788208,1.9881105422973633
3,individual,2.75,9.909152030944824,12.10041332244873,2.1912612915039062
3,individual,2.75,8.4116849899292,9.034149169921875,0.6224641799926758
4,individual,2.75,15.443963050842285,15.709360122680664,0.2653970718383789
4,individual,2.75,13.763041496276855,14.369558334350586,0.6065168380737305
4,individual,2.75,12.122384071350098,14.366506576538086,2.2441225051879883
4,individual,2.75,11.410144805908203,13.519693374633789,2.109548568725586
5,individual,2.75,14.465065002441406,17.395965576171875,2.9309005737304688
5,individual,2.75,14.133028984069824,14.454124450683594,0.32109546661376953
5,individual,2.75,8.591531753540039,8.625429153442383,0.03389739990234375
5,individual,2.75,7.956362247467041,7.990619659423828,0.03425741195678711
5,individual,2.75,7.8249664306640625,9.711359024047852,1.886392593383789
6,individual,2.75,8.0,10.465720176696777,2.4657201766967773
8,individual,2.75,6.848861217498779,8.955718994140625,2.1068577766418457
9,individual,2.75,15.995461463928223,18.44183349609375,2.4463720321655273
9,individual,2.75,12.805445671081543,15.61693000793457,2.8114843368530273
10,individual,2.75,10.165369033813477,10.950069427490234,0.7847003936767578
10,individual,2.75,6.803398132324219,8.378549575805664,1.5751514434814453
11,individual,2.75,16.233083724975586,17.5184326171875,1.285348892211914
12,individual,2.75,11.753637313842773,13.127318382263184,1.3736810684204102
12,individual,2.75,8.167888641357422,9.39043140411377,1.2225427627563477
13,individual,2.75,20.99980926513672,26.146635055541992,5.146825790405273
13,individual,2.75,11.74571418762207,12.878000259399414,1.1322860717773438
13,individual,2.75,9.234652519226074,9.774585723876953,0.5399332046508789
13,individual,2.75,5.691581726074219,6.406887054443359,0.7153053283691406
14,individual,2.75,14.755948066711426,15.372697830200195,0.6167497634887695
14,individual,2.75,14.49098014831543,14.635781288146973,0.14480113983154297
14,individual,2.75,13.19113540649414,15.206290245056152,2.0151548385620117
14,individual,2.75,6.912991523742676,7.499576568603516,0.5865850448608398
15,individual,2.75,14.279471397399902,18.91158676147461,4.632115364074707
15,individual,2.75,10.890225410461426,11.324468612670898,0.43424320220947266
15,individual,2.75,10.846437454223633,10.993766784667969,0.14732933044433594
16,individual,2.75,13.151015281677246,15.04448413848877,1.8934688568115234
16,individual,2.75,10.949251174926758,12.711294174194336,1.7620429992675781
17,individual,2.75,5.961883544921875,7.791439533233643,1.8295559883117676
18,individual,2.75,15.865694999694824,20.640165328979492,4.774470329284668
19,individual,2.75,14.75015640258789,16.79861068725586,2.0484542846679688
19,individual,2.75,14.723779678344727,17.215951919555664,2.4921722412109375
19,individual,2.75,14.301836013793945,17.948429107666016,3.6465930938720703
19,individual,2.75,13.599566459655762,16.889629364013672,3.29006290435791
20,individual,2.75,13.599209785461426,13.817047119140625,0.21783733367919922
20,individual,2.75,13.230513572692871,13.337113380432129,0.10659980773925781
20,individual,2.75,13.170269966125488,13.976771354675293,0.8065013885498047
20,individual,2.75,10.665300369262695,15.176252365112305,4.510951995849609
21,individual,2.75,20.235300064086914,21.593677520751953,1.358377456665039
21,individual,2.75,19.200849533081055,22.534570693969727,3.333721160888672
21,individual,2.75,13.986454010009766,14.3318452835083,0.34539127349853516
22,individual,2.75,17.87699317932129,22.309139251708984,4.432146072387695
22,individual,2.75,12.815685272216797,14.863714218139648,2.0480289459228516
23,individual,2.75,14.456572532653809,15.94536018371582,1.4887876510620117
23,individual,2.75,13.763814926147461,14.12542724609375,0.36161231994628906
23,individual,2.75,13.644552230834961,15.661941528320312,2.0173892974853516
23,individual,2.75,12.136061668395996,12.80904769897461,0.6729860305786133
23,individual,2.75,9.299615859985352,10.56470775604248,1.265091896057129
24,individual,2.75,11.58730411529541,11.796614646911621,0.20931053161621094
24,individual,2.75,8.486394882202148,10.456860542297363,1.9704656600952148
25,individual,2.75,18.767356872558594,19.262279510498047,0.4949226379394531
26,individual,2.75,16.39727020263672,19.250444412231445,2.8531742095947266
27,individual,2.75,15.213704109191895,16.089181900024414,0.8754777908325195
27,individual,2.75,12.340198516845703,15.6643705368042,3.324172019958496
27,individual,2.75,11.951790809631348,16.589061737060547,4.637270927429199
28,individual,2.75,14.870941162109375,16.95248031616211,2.0815391540527344
28,individual,2.75,13.143980026245117,15.02491283416748,1.8809328079223633
28,individual,2.75,11.464750289916992,13.197821617126465,1.7330713272094727
29,individual,2.75,14.806437492370605,15.821131706237793,1.0146942138671875
29,individual,2.75,13.889348030090332,15.747307777404785,1.8579597473144531
29,individual,2.75,8.577557563781738,9.951813697814941,1.3742561340332031
30,individual,2.75,17.073150634765625,17.31930923461914,0.24615859985351562
30,individual,2.75,14.480320930480957,18.561735153198242,4.081414222717285
30,individual,2.75,13.648695945739746,16.166263580322266,2.5175676345825195
31,individual,2.75,11.76541519165039,12.51241397857666,0.7469987869262695
32,individual,2.75,19.10103988647461,21.123676300048828,2.0226364135742188
32,individual,2.75,13.996445655822754,18.116525650024414,4.12007999420166
33,individual,2.75,19.706470489501953,22.15163230895996,2.445161819458008
34,individual,2.75,17.827476501464844,18.312673568725586,0.4851970672607422
34,individual,2.75,15.951404571533203,17.102739334106445,1.1513347625732422
34,individual,2.75,13.763524055480957,14.150067329406738,0.38654327392578125
35,individual,2.75,15.607139587402344,17.14472770690918,1.537588119506836
35,individual,2.75,10.198201179504395,10.600311279296875,0.40211009979248047
35,individual,2.75,9.377250671386719,12.597817420959473,3.220566749572754
36,individual,2.75,18.324642181396484,20.940467834472656,2.615825653076172
36,individual,2.75,18.101726531982422,18.203126907348633,0.10140037536621094
36,individual,2.75,11.72420597076416,15.864501953125,4.14029598236084
37,individual,2.75,16.532190322875977,17.705467224121094,1.1732769012451172
37,individual,2.75,14.701894760131836,17.46253776550293,2.7606430053710938
37,individual,2.75,10.574629783630371,11.370797157287598,0.7961673736572266
37,individual,2.75,7.79626989364624,9.45947265625,1.6632027626037598
38,individual,2.75,11.961555480957031,12.595649719238281,0.63409423828125
38,individual,2.75,9.632284164428711,10.984097480773926,1.3518133163452148
39,individual,2.75,18.947917938232422,22.842021942138672,3.89410400390625
39,individual,2.75,17.05292510986328,17.386035919189453,0.3331108093261719
39,individual,2.75,15.677576065063477,18.78952407836914,3.111948013305664
39,individual,2.75,15.125359535217285,15.72994613647461,0.6045866012573242
40,individual,2.75,13.915976524353027,14.289856910705566,0.37388038635253906
41,individual,2.75,10.160189628601074,13.684513092041016,3.5243234634399414
42,individual,2.75,14.152575492858887,18.5031681060791,4.350592613220215
42,individual,2.75,13.87287425994873,17.94074249267578,4.067868232727051
43,individual,2.75,19.42322540283203,19.78995704650879,0.3667316436767578
44,individual,2.75,19.378049850463867,19.868709564208984,0.4906597137451172
44,individual,2.75,16.605785369873047,19.180315017700195,2.5745296478271484
44,individual,2.75,13.857377052307129,14.781779289245605,0.9244022369384766
44,individual,2.75,12.830744743347168,13.871243476867676,1.0404987335205078
45,individual,2.75,14.890970230102539,18.589323043823242,3.698352813720703
45,individual,2.75,14.141092300415039,18.92051887512207,4.779426574707031
46,individual,2.75,17.711626052856445,20.379364013671875,2.6677379608154297
46,individual,2.75,17.33803367614746,19.131465911865234,1.7934322357177734
46,individual,2.75,14.76336669921875,14.95152473449707,0.1881580352783203
46,individual,2.75,13.633209228515625,13.719988822937012,0.08677959442138672
46,individual,2.75,10.32465934753418,10.50676441192627,0.18210506439208984
48,individual,2.75,20.04020118713379,20.49718475341797,0.4569835662841797
48,individual,2.75,17.495285034179688,19.441133499145508,1.9458484649658203
48,individual,2.75,9.7694673538208,10.034789085388184,0.2653217315673828
49,individual,2.75,20.76308822631836,22.58364486694336,1.820556640625
49,individual,2.75,18.264734268188477,18.361509323120117,0.09677505493164062
49,individual,2.75,18.16794204711914,18.70240592956543,0.5344638824462891
49,individual,2.75,15.326541900634766,15.545661926269531,0.21912002563476562
49,individual,2.75,14.747101783752441,19.92266273498535,5.17556095123291
49,individual,2.75,14.006426811218262,17.254714965820312,3.248288154602051
49,individual,2.75,12.1217041015625,12.566256523132324,0.4445524215698242
50,individual,2.75,28.202613830566406,28.206396102905273,0.0037822723388671875
50,individual,2.75,16.037918090820312,16.068161010742188,0.030242919921875
50,individual,2.75,12.2164888381958,14.537967681884766,2.321478843688965
50,individual,2.75,11.298300743103027,14.327208518981934,3.0289077758789062
51,individual,2.75,15.02993392944336,19.296085357666016,4.266151428222656
51,individual,2.75,14.606399536132812,15.639961242675781,1.0335617065429688
51,individual,2.75,13.283411026000977,14.225529670715332,0.9421186447143555
51,individual,2.75,5.519284248352051,6.141213417053223,0.6219291687011719
52,individual,2.75,15.082639694213867,16.12338638305664,1.0407466888427734
52,individual,2.75,13.802264213562012,14.92597770690918,1.123713493347168
53,individual,2.75,15.29224967956543,19.207077026367188,3.914827346801758
53,individual,2.75,8.058938980102539,8.761746406555176,0.7028074264526367
54,individual,2.75,15.760003089904785,21.461034774780273,5.701031684875488
54,individual,2.75,13.989328384399414,16.498924255371094,2.5095958709716797
54,individual,2.75,7.417359828948975,7.756197452545166,0.3388376235961914
55,individual,2.75,14.401267051696777,17.024511337280273,2.623244285583496
55,individual,2.75,10.092300415039062,12.468219757080078,2.3759193420410156
55,individual,2.75,8.892936706542969,11.815195083618164,2.9222583770751953
56,individual,2.75,23.407657623291016,25.15943145751953,1.7517738342285156
56,individual,2.75,16.495615005493164,19.726228713989258,3.2306137084960938
56,individual,2.75,11.539497375488281,13.625215530395508,2.0857181549072266
57,individual,2.75,13.539926528930664,15.481892585754395,1.9419660568237305
57,individual,2.75,12.100785255432129,16.355724334716797,4.254939079284668
57,individual,2.75,7.469143390655518,8.152079582214355,0.6829361915588379
58,individual,2.75,14.935397148132324,15.930288314819336,0.9948911666870117
59,individual,2.75,16.222124099731445,19.601844787597656,3.379720687866211
59,individual,2.75,13.760886192321777,15.353282928466797,1.5923967361450195
59,individual,2.75,11.409408569335938,12.368096351623535,0.9586877822875977
60,individual,2.75,17.986356735229492,20.820613861083984,2.834257125854492
61,individual,2.75,20.15285873413086,26.710784912109375,6.557926177978516
61,individual,2.75,19.427230834960938,20.275081634521484,0.8478507995605469
61,individual,2.75,15.061540603637695,16.421354293823242,1.3598136901855469
61,individual,2.75,8.504304885864258,9.705276489257812,1.2009716033935547
62,individual,2.75,11.840544700622559,17.611547470092773,5.771002769470215
62,individual,2.75,10.863889694213867,11.693836212158203,0.8299465179443359
63,individual,2.75,21.024988174438477,21.583141326904297,0.5581531524658203
63,individual,2.75,20.531126022338867,24.423974990844727,3.8928489685058594
64,individual,2.75,16.97657585144043,19.245418548583984,2.2688426971435547
64,individual,2.75,11.010004997253418,12.939888954162598,1.9298839569091797
65,individual,2.75,10.581403732299805,11.46957778930664,0.8881740570068359
66,individual,2.75,16.34595489501953,17.529743194580078,1.1837882995605469
66,individual,2.75,12.668926239013672,15.728372573852539,3.059446334838867
67,individual,2.75,15.125492095947266,15.393989562988281,0.2684974670410156
67,individual,2.75,13.902823448181152,15.468629837036133,1.5658063888549805
67,individual,2.75,12.221182823181152,15.156704902648926,2.9355220794677734
68,individual,2.75,11.692001342773438,14.115159034729004,2.4231576919555664
69,individual,2.75,16.726367950439453,17.258394241333008,0.5320262908935547
69,individual,2.75,12.894654273986816,14.542304039001465,1.6476497650146484
70,individual,2.75,13.91523265838623,14.598006248474121,0.6827735900878906
70,individual,2.75,12.620023727416992,12.977692604064941,0.3576688766479492
70,individual,2.75,6.986419200897217,7.468204975128174,0.48178577423095703
72,individual,2.75,16.013160705566406,20.271753311157227,4.25859260559082
72,individual,2.75,13.7001314163208,15.121392250061035,1.4212608337402344
72,individual,2.75,8.735147476196289,9.29053783416748,0.5553903579711914
73,individual,2.75,19.321701049804688,21.876249313354492,2.5545482635498047
73,individual,2.75,11.742644309997559,11.945781707763672,0.20313739776611328
73,individual,2.75,8.621484756469727,8.914555549621582,0.29307079315185547
74,individual,2.75,12.59146499633789,12.600893020629883,0.009428024291992188
74,individual,2.75,11.96187686920166,12.246978759765625,0.28510189056396484
74,individual,2.75,10.190751075744629,12.831032752990723,2.6402816772460938
74,individual,2.75,9.477235794067383,12.414700508117676,2.937464714050293
75,individual,2.75,11.031305313110352,11.487767219543457,0.45646190643310547
75,individual,2.75,9.664227485656738,11.478419303894043,1.8141918182373047
76,individual,2.75,17.25753402709961,23.50202751159668,6.24449348449707
76,individual,2.75,16.3799991607666,19.537900924682617,3.1579017639160156
76,individual,2.75,15.808377265930176,16.189085006713867,0.3807077407836914
77,individual,2.75,12.496223449707031,12.881187438964844,0.3849639892578125
77,individual,2.75,7.541593074798584,8.132534980773926,0.5909419059753418
78,individual,2.75,13.475831031799316,16.274959564208984,2.799128532409668
78,individual,2.75,10.606602668762207,10.858954429626465,0.2523517608642578
78,individual,2.75,10.007122039794922,10.098519325256348,0.09139728546142578
79,individual,2.75,14.802638053894043,15.38546371459961,0.5828256607055664
79,individual,2.75,13.774443626403809,14.335251808166504,0.5608081817626953
79,individual,2.75,8.992424964904785,10.446573257446289,1.454148292541504
79,individual,2.75,8.089823722839355,8.351194381713867,0.2613706588745117
80,individual,2.75,7.704187393188477,8.244153022766113,0.5399656295776367
81,individual,2.75,21.06821632385254,22.3892765045166,1.3210601806640625
81,individual,2.75,15.912944793701172,20.10902214050293,4.196077346801758
81,individual,2.75,14.007801055908203,14.439681053161621,0.43187999725341797
81,individual,2.75,13.238164901733398,16.744827270507812,3.506662368774414
82,individual,2.75,19.99336814880371,20.273183822631836,0.279815673828125
83,individual,2.75,18.63934898376465,19.338285446166992,0.6989364624023438
83,individual,2.75,15.397287368774414,18.0374755859375,2.640188217163086
84,individual,2.75,21.706655502319336,29.127208709716797,7.420553207397461
84,individual,2.75,21.161684036254883,21.239213943481445,0.0775299072265625
84,individual,2.75,8.121188163757324,10.471637725830078,2.350449562072754
85,individual,2.75,16.24103546142578,16.962539672851562,0.7215042114257812
85,individual,2.75,14.49072551727295,17.5706844329834,3.079958915710449
85,individual,2.75,12.673389434814453,14.585540771484375,1.9121513366699219
86,individual,2.75,13.102782249450684,17.352436065673828,4.2496538162231445
86,individual,2.75,12.910778045654297,14.210351943969727,1.2995738983154297
86,individual,2.75,9.162930488586426,9.986323356628418,0.8233928680419922
87,individual,2.75,17.850603103637695,20.038326263427734,2.187723159790039
87,individual,2.75,10.20621395111084,11.200861930847168,0.9946479797363281
88,individual,2.75,9.179428100585938,10.484956741333008,1.3055286407470703
89,individual,2.75,12.584007263183594,13.23849105834961,0.6544837951660156
89,individual,2.75,10.380693435668945,14.417433738708496,4.036740303039551
90,individual,2.75,18.99052619934082,27.895471572875977,8.904945373535156
90,individual,2.75,10.24713134765625,11.044817924499512,0.7976865768432617
91,individual,2.75,15.493921279907227,15.787083625793457,0.29316234588623047
91,individual,2.75,13.636253356933594,18.958547592163086,5.322294235229492
91,individual,2.75,12.576037406921387,16.007221221923828,3.4311838150024414
92,individual,2.75,15.262755393981934,15.520631790161133,0.2578763961791992
92,individual,2.75,13.520133018493652,15.70258903503418,2.1824560165405273
92,individual,2.75,11.031336784362793,11.970179557800293,0.9388427734375
92,individual,2.75,10.161262512207031,10.469711303710938,0.30844879150390625
93,individual,2.75,15.48812484741211,19.37055778503418,3.8824329376220703
93,individual,2.75,13.031749725341797,15.711030960083008,2.679281234741211
94,individual,2.75,18.067054748535156,20.576940536499023,2.509885787963867
94,individual,2.75,13.345969200134277,15.086248397827148,1.740279197692871
94,individual,2.75,7.41811990737915,9.44263744354248,2.02451753616333
95,individual,2.75,18.66546058654785,19.132720947265625,0.46726036071777344
95,individual,2.75,15.59843921661377,22.13872718811035,6.540287971496582
95,individual,2.75,13.386381149291992,14.417964935302734,1.0315837860107422
95,individual,2.75,12.044859886169434,12.988419532775879,0.9435596466064453
96,individual,2.75,20.990835189819336,23.576021194458008,2.585186004638672
96,individual,2.75,17.312498092651367,25.549970626831055,8.237472534179688
97,individual,2.75,16.777727127075195,19.368854522705078,2.591127395629883
97,individual,2.75,15.88630199432373,19.79090690612793,3.904604911804199
98,individual,2.75,20.07430648803711,20.80146598815918,0.7271595001220703
98,individual,2.75,17.73833465576172,22.46723175048828,4.7288970947265625
100,individual,2.75,21.135473251342773,27.247638702392578,6.112165451049805
100,individual,2.75,14.454865455627441,20.71486473083496,6.2599992752075195
101,individual,2.75,17.477216720581055,19.359355926513672,1.8821392059326172
102,individual,2.75,19.67643165588379,20.140304565429688,0.46387290954589844
102,individual,2.75,19.319297790527344,21.80293846130371,2.483640670776367
102,individual,2.75,13.948265075683594,14.110833168029785,0.1625680923461914
102,individual,2.75,11.600387573242188,12.854645729064941,1.254258155822754
103,individual,2.75,16.219669342041016,17.702611923217773,1.4829425811767578
103,individual,2.75,15.237112998962402,16.915557861328125,1.6784448623657227
103,individual,2.75,13.888113975524902,18.78076171875,4.892647743225098
103,individual,2.75,11.66541862487793,11.705546379089355,0.04012775421142578
104,individual,2.75,11.059159278869629,13.320608139038086,2.261448860168457
105,individual,2.75,18.44038963317871,21.403854370117188,2.9634647369384766
105,individual,2.75,13.893181800842285,17.606550216674805,3.7133684158325195
105,individual,2.75,8.768226623535156,8.820521354675293,0.05229473114013672
106,individual,2.75,12.295405387878418,12.600019454956055,0.3046140670776367
106,individual,2.75,9.937932014465332,10.428274154663086,0.4903421401977539
106,individual,2.75,8.867164611816406,9.775238990783691,0.9080743789672852
106,individual,2.75,8.809247970581055,10.508341789245605,1.6990938186645508
107,individual,2.75,17.92379379272461,18.176801681518555,0.2530078887939453
107,individual,2.75,12.935257911682129,13.6427640914917,0.7075061798095703
108,individual,2.75,14.509903907775879,15.966628074645996,1.4567241668701172
109,individual,2.75,19.885040283203125,21.229284286499023,1.3442440032958984
109,individual,2.75,13.901209831237793,15.165704727172852,1.2644948959350586
112,individual,2.75,10.882577896118164,11.085184097290039,0.202606201171875
113,individual,2.75,17.884498596191406,22.34807014465332,4.463571548461914
113,individual,2.75,15.114089012145996,16.291452407836914,1.177363395690918
113,individual,2.75,14.98012638092041,16.174381256103516,1.1942548751831055
113,individual,2.75,13.33283519744873,14.932816505432129,1.5999813079833984
113,individual,2.75,12.733232498168945,16.26804542541504,3.5348129272460938
114,individual,2.75,21.09638214111328,23.415775299072266,2.3193931579589844
114,individual,2.75,13.71224594116211,16.389490127563477,2.677244186401367
115,individual,2.75,11.943521499633789,13.186527252197266,1.2430057525634766
115,individual,2.75,9.469656944274902,11.336864471435547,1.8672075271606445
116,individual,2.75,19.006591796875,19.80426788330078,0.7976760864257812
116,individual,2.75,15.249616622924805,17.641183853149414,2.3915672302246094
116,individual,2.75,13.13016128540039,15.661066055297852,2.530904769897461
116,individual,2.75,12.015360832214355,15.582955360412598,3.567594528198242
117,individual,2.75,13.349699974060059,15.119848251342773,1.7701482772827148
117,individual,2.75,11.11466121673584,11.380619049072266,0.2659578323364258
117,individual,2.75,10.641752243041992,14.625255584716797,3.9835033416748047
118,individual,2.75,15.456002235412598,16.382631301879883,0.9266290664672852
118,individual,2.75,13.259077072143555,13.495471000671387,0.23639392852783203
118,individual,2.75,12.284433364868164,12.52469539642334,0.24026203155517578
118,individual,2.75,10.800115585327148,12.146439552307129,1.3463239669799805
119,individual,2.75,13.686756134033203,14.41992473602295,0.7331686019897461
119,individual,2.75,12.201972007751465,13.317585945129395,1.1156139373779297
119,individual,2.75,12.186177253723145,16.423948287963867,4.237771034240723
119,individual,2.75,9.07929515838623,9.58133602142334,0.5020408630371094
120,individual,2.75,7.89362096786499,9.418322563171387,1.5247015953063965
121,individual,2.75,18.54417610168457,18.801523208618164,0.25734710693359375
121,individual,2.75,7.1532511711120605,7.6761579513549805,0.5229067802429199
122,individual,2.75,15.670367240905762,16.932586669921875,1.2622194290161133
122,individual,2.75,12.740180969238281,14.634469985961914,1.8942890167236328
122,individual,2.75,11.05771255493164,14.643783569335938,3.586071014404297
122,individual,2.75,10.266403198242188,11.198162078857422,0.9317588806152344
123,individual,2.75,16.180185317993164,17.194889068603516,1.0147037506103516
124,individual,2.75,17.758947372436523,21.73573112487793,3.9767837524414062
124,individual,2.75,14.071606636047363,15.413711547851562,1.3421049118041992
125,individual,2.75,22.005664825439453,24.63492774963379,2.629262924194336
125,individual,2.75,12.662856101989746,15.58186149597168,2.9190053939819336
126,individual,2.75,19.654069900512695,21.973604202270508,2.3195343017578125
126,individual,2.75,15.688406944274902,16.788856506347656,1.100449562072754
126,individual,2.75,14.141711235046387,14.465497970581055,0.32378673553466797
127,individual,2.75,16.912317276000977,18.979637145996094,2.067319869995117
127,individual,2.75,15.148927688598633,18.570697784423828,3.4217700958251953
127,individual,2.75,10.254765510559082,11.674481391906738,1.4197158813476562
128,individual,2.75,13.410191535949707,14.44954776763916,1.0393562316894531
128,individual,2.75,13.353845596313477,16.825733184814453,3.4718875885009766
128,individual,2.75,13.035719871520996,15.72371768951416,2.687997817993164
128,individual,2.75,9.130038261413574,11.52890682220459,2.3988685607910156
129,individual,2.75,17.946643829345703,24.594478607177734,6.647834777832031
129,individual,2.75,6.410280704498291,6.705356121063232,0.2950754165649414
130,individual,2.75,15.483348846435547,19.17520523071289,3.6918563842773438
130,individual,2.75,13.582341194152832,16.065868377685547,2.483527183532715
130,individual,2.75,8.11113452911377,9.68636703491211,1.5752325057983398
131,individual,2.75,16.47318458557129,18.264196395874023,1.7910118103027344
131,individual,2.75,14.345497131347656,16.790267944335938,2.4447708129882812
131,individual,2.75,7.8726935386657715,10.210827827453613,2.338134288787842
132,individual,2.75,19.1436710357666,22.1903133392334,3.046642303466797
132,individual,2.75,12.997788429260254,15.683472633361816,2.6856842041015625
132,individual,2.75,12.848365783691406,13.242042541503906,0.3936767578125
133,individual,2.75,15.725320816040039,21.121479034423828,5.396158218383789
133,individual,2.75,7.703927516937256,10.46823787689209,2.764310359954834
134,individual,2.75,17.256248474121094,18.656312942504883,1.400064468383789
134,individual,2.75,13.14684009552002,14.206622123718262,1.0597820281982422
134,individual,2.75,11.546536445617676,12.697940826416016,1.1514043807983398
135,individual,2.75,17.390554428100586,19.955520629882812,2.5649662017822266
136,individual,2.75,18.126676559448242,20.733781814575195,2.607105255126953
136,individual,2.75,13.209027290344238,13.22605037689209,0.017023086547851562
137,individual,2.75,12.70055866241455,12.800097465515137,0.09953880310058594
137,individual,2.75,10.082386016845703,10.393623352050781,0.3112373352050781
137,individual,2.75,7.085202693939209,7.780231475830078,0.6950287818908691
137,individual,2.75,5.643491744995117,5.940033435821533,0.296541690826416
138,individual,2.75,16.20178985595703,18.75864601135254,2.556856155395508
138,individual,2.75,13.839978218078613,17.9648380279541,4.124859809875488
138,individual,2.75,4.959377288818359,5.1782355308532715,0.2188582420349121
138,individual,2.75,4.654911518096924,5.275651454925537,0.6207399368286133
139,individual,2.75,13.320307731628418,13.552401542663574,0.23209381103515625
139,individual,2.75,10.952816009521484,11.770547866821289,0.8177318572998047
140,individual,2.75,14.412039756774902,17.54892921447754,3.1368894577026367
140,individual,2.75,14.184075355529785,19.56511688232422,5.381041526794434
140,individual,2.75,6.666580677032471,6.789499282836914,0.12291860580444336
141,individual,2.75,13.100175857543945,26.09117889404297,12.991003036499023
141,individual,2.75,7.121271133422852,7.268796443939209,0.14752531051635742
142,individual,2.75,17.931339263916016,22.07501792907715,4.143678665161133
142,individual,2.75,9.530335426330566,11.776880264282227,2.24654483795166
142,individual,2.75,8.27218246459961,8.372633934020996,0.10045146942138672
143,individual,2.75,14.22983455657959,15.900946617126465,1.671112060546875
143,individual,2.75,10.576034545898438,13.55656623840332,2.980531692504883
144,individual,2.75,12.101971626281738,12.77283000946045,0.6708583831787109
144,individual,2.75,11.543954849243164,11.88614273071289,0.34218788146972656
145,individual,2.75,11.8313570022583,18.330984115600586,6.499627113342285
145,individual,2.75,8.007308959960938,8.124161720275879,0.1168527603149414
145,individual,2.75,6.946324348449707,7.276214599609375,0.32989025115966797
146,individual,2.75,19.52316665649414,21.266935348510742,1.7437686920166016
146,individual,2.75,15.03256893157959,18.150062561035156,3.1174936294555664
147,individual,2.75,20.735307693481445,21.974040985107422,1.2387332916259766
147,individual,2.75,17.812088012695312,17.925289154052734,0.11320114135742188
147,individual,2.75,10.99727725982666,11.28744888305664,0.29017162322998047
147,individual,2.75,8.598848342895508,11.770977973937988,3.1721296310424805
148,individual,2.75,14.117230415344238,17.261436462402344,3.1442060470581055
148,individual,2.75,11.524864196777344,11.85263729095459,0.3277730941772461
149,individual,2.75,17.83821678161621,18.04135513305664,0.2031383514404297
149,individual,2.75,15.814101219177246,19.33217430114746,3.518073081970215
149,individual,2.75,11.688477516174316,12.248689651489258,0.5602121353149414
19,tactical,11.75,24.126861572265625,26.877288818359375,2.75042724609375
26,tactical,11.75,33.63844299316406,36.58060836791992,2.9421653747558594
30,tactical,11.75,25.020132064819336,30.24388885498047,5.223756790161133
32,tactical,11.75,33.49920654296875,37.92529296875,4.42608642578125
34,tactical,11.75,28.861841201782227,30.105030059814453,1.2431888580322266
36,tactical,11.75,26.008638381958008,28.140233993530273,2.1315956115722656
42,tactical,11.75,22.229948043823242,27.773204803466797,5.543256759643555
44,tactical,11.75,23.69462013244629,32.755096435546875,9.060476303100586
48,tactical,11.75,31.806154251098633,32.90437316894531,1.0982189178466797
49,tactical,11.75,25.400962829589844,26.422086715698242,1.0211238861083984
49,tactical,11.75,23.019987106323242,25.35338020324707,2.333393096923828
72,tactical,11.75,27.88200569152832,30.987957000732422,3.1059513092041016
76,tactical,11.75,26.922508239746094,27.28590965270996,0.3634014129638672
84,tactical,11.75,24.538816452026367,29.127208709716797,4.58839225769043
91,tactical,11.75,33.35513687133789,36.00315856933594,2.648021697998047
95,tactical,11.75,22.141197204589844,32.082855224609375,9.941658020019531
97,tactical,11.75,26.005226135253906,36.775978088378906,10.770751953125
98,tactical,11.75,27.872440338134766,28.995101928710938,1.1226615905761719
98,tactical,11.75,24.922319412231445,29.336450576782227,4.414131164550781
105,tactical,11.75,35.36737060546875,37.0988883972168,1.7315177917480469
113,tactical,11.75,29.40755844116211,33.65110778808594,4.243549346923828
129,tactical,11.75,26.357358932495117,29.691743850708008,3.3343849182128906
132,tactical,11.75,28.64375877380371,33.6202392578125,4.976480484008789
148,tactical,11.75,34.83673858642578,37.50257110595703,2.66583251953125
149,tactical,11.75,36.42327117919922,39.2002067565918,2.776935577392578
